String,Delta Value,Delta Remoteness
---------,0,-3
x--------,0,-2
-x-------,-2,-3
ox-------,-2,-2
-xo------,-2,-2
--x------,-2,-3
xox------,-2,-1
xx-o-----,-1,1
x-xo-----,-1,1
oxxo-----,-1,-1
---x-----,-2,-3
o--x-----,-2,-2
xo-x-----,-1,1
ox-x-----,-2,-1
x-ox-----,-1,1
xoox-----,0,2
oxox-----,0,-2
o-xx-----,-2,-1
-oxx-----,-2,-1
x---o----,0,-1
-x--o----,0,-1
xxo-o----,-2,-4
--x-o----,0,-1
xox-o----,-2,-4
oxx-o----,-2,-4
xxxoo----,-1,1
---xo----,0,-1
ox-xo----,-2,-4
-xoxo----,-2,-4
o-xxo----,-2,-4
-oxxo----,-2,-4
----x----,0,-2
o---x----,0,-1
-o--x----,2,1
xo--x----,1,2
--o-x----,0,-1
-ox-x----,1,2
---ox----,2,1
x--ox----,1,2
-x-ox----,1,2
xxoox----,-1,-1
--xox----,1,2
xoxox----,-1,-1
-o-xx----,1,2
xooxx----,-1,-1
oxoxx----,-1,-1
ooxxx----,-1,-1
xxo--o---,-1,-1
x-x--o---,-1,1
-xx--o---,-1,1
xx-o-o---,0,2
x-xo-o---,0,2
-xxo-o---,0,2
xxxo-o---,-1,1
---x-o---,-2,-2
x--x-o---,-2,-1
xo-x-o---,0,2
-x-x-o---,-2,-1
ox-x-o---,-2,-2
x-ox-o---,0,2
-xox-o---,0,-2
--xx-o---,-2,-1
o-xx-o---,-2,-2
xoxx-o---,-2,-3
oxxx-o---,-2,-3
xxx-oo---,-1,1
-x-xoo---,0,-2
xx-xoo---,-1,-1
--xxoo---,0,-2
x-xxoo---,-1,-1
-xxxoo---,-2,-3
oxxxoo---,-2,-2
----xo---,2,1
x---xo---,1,2
-x--xo---,1,2
--x-xo---,1,2
xox-xo---,-1,-1
oxx-xo---,-1,-1
xx-oxo---,-1,-1
x-xoxo---,-1,-1
-xxoxo---,-1,-1
o--xxo---,-2,-4
-o-xxo---,0,-2
xo-xxo---,-1,-1
ox-xxo---,-2,-3
--oxxo---,-2,-4
o-xxxo---,-2,-3
-oxxxo---,-2,-3
-----x---,-2,-3
xo---x---,-2,-1
--o--x---,-2,-2
x-o--x---,-2,-1
-xo--x---,-2,-1
oxo--x---,0,-2
o-x--x---,-1,1
-ox--x---,-1,1
oox--x---,0,2
---o-x---,-2,-2
x--o-x---,-2,-1
-x-o-x---,-2,-1
ox-o-x---,0,-2
x-oo-x---,-2,-2
-xoo-x---,-2,-2
xxoo-x---,-2,-3
--xo-x---,-2,-1
o-xo-x---,0,2
-oxo-x---,0,2
xoxo-x---,-2,-3
oo-x-x---,0,2
-oox-x---,0,2
xoox-x---,-1,-1
oxox-x---,0,-2
ooxx-x---,-1,-1
----ox---,0,-1
xo--ox---,-2,-4
ox--ox---,-2,-4
x-o-ox---,-2,-4
-xo-ox---,-2,-4
x--oox---,0,-2
-x-oox---,0,-2
xx-oox---,-2,-3
xxooox---,-2,-2
x-xoox---,-1,-1
-xxoox---,-1,-1
---xox---,2,1
o--xox---,-1,-3
-o-xox---,-1,-3
--oxox---,-1,-3
oxoxox---,-1,-1
-o--xx---,1,2
xoo-xx---,-1,-1
oxo-xx---,-1,-1
oox-xx---,-1,-1
o--oxx---,-2,-4
-o-oxx---,0,-2
xo-oxx---,-2,-3
--ooxx---,-2,-4
x-ooxx---,-2,-3
-xooxx---,-2,-3
-oxoxx---,-1,-1
oo-xxx---,-1,1
o-oxxx---,-1,1
-ooxxx---,-1,1
x-----o--,2,1
-x----o--,2,1
xx----o--,1,2
xxo---o--,0,-2
--x---o--,2,1
xox---o--,0,-2
-xx---o--,2,1
oxx---o--,-1,-3
xx-o--o--,0,2
-xxo--o--,0,2
xxxo--o--,-1,1
---x--o--,0,-1
ox-x--o--,0,-2
x-ox--o--,0,-2
-xox--o--,0,-2
--xx--o--,-2,-1
o-xx--o--,0,-2
xoxx--o--,0,-2
oxxx--o--,0,-2
xxx-o-o--,-1,1
x--xo-o--,-2,-4
-x-xo-o--,-2,-4
xxoxo-o--,-1,1
--xxo-o--,-2,-4
x-xxo-o--,-2,-3
xoxxo-o--,-2,-2
-xxxo-o--,-2,-3
oxxxo-o--,-2,-2
----x-o--,0,-1
xxo-x-o--,-1,-1
o-x-x-o--,-2,-4
-ox-x-o--,0,-2
xox-x-o--,-2,-3
xx-ox-o--,-1,-1
--xox-o--,0,-2
x-xox-o--,-1,-1
oxxox-o--,-1,1
xo-xx-o--,-1,-1
ox-xx-o--,-1,-1
x-oxx-o--,-1,-1
-xoxx-o--,-1,-1
o-xxx-o--,-2,-3
-oxxx-o--,-2,-3
xx---oo--,0,2
-xx--oo--,0,2
xxx--oo--,-1,1
x--x-oo--,-2,-2
-x-x-oo--,-2,-2
xx-x-oo--,0,-2
xxox-oo--,-1,-1
--xx-oo--,-2,-2
x-xx-oo--,-2,-3
xoxx-oo--,-2,-2
-xxx-oo--,-2,-3
oxxx-oo--,-2,-2
xxxxooo--,-1,1
xx--xoo--,-1,-1
--x-xoo--,0,-2
x-x-xoo--,-1,-1
-xx-xoo--,-1,-1
xxxoxoo--,-1,1
---xxoo--,-2,-4
x--xxoo--,0,-2
-x-xxoo--,-2,-3
--xxxoo--,-2,-3
o-xxxoo--,-2,-2
-oxxxoo--,-2,-2
xoxxxoo--,-2,-1
oxxxxoo--,-2,-1
-----xo--,2,1
ox---xo--,-1,-3
x-o--xo--,0,-2
-xo--xo--,0,-2
-ox--xo--,0,2
xox--xo--,-2,-3
-x-o-xo--,0,-2
xx-o-xo--,-1,-3
xxoo-xo--,0,-2
--xo-xo--,0,2
x-xo-xo--,-1,-1
oxxo-xo--,-1,1
-o-x-xo--,0,2
xo-x-xo--,0,-2
ox-x-xo--,0,-2
o-xx-xo--,-1,-1
-oxx-xo--,-1,-1
x---oxo--,0,-2
-x--oxo--,0,-2
xxo-oxo--,-1,1
x-x-oxo--,-1,-1
-xx-oxo--,-1,-1
xxxooxo--,-1,1
---xoxo--,-1,-3
xo-xoxo--,-1,-1
ox-xoxo--,-1,-1
x-oxoxo--,-1,1
-xoxoxo--,-1,1
--xxoxo--,0,-2
xo--xxo--,-1,-1
x-o-xxo--,-1,-1
-xo-xxo--,-1,-1
-ox-xxo--,-1,-1
---oxxo--,-2,-4
x--oxxo--,-2,-3
ox-oxxo--,-1,1
xxooxxo--,-1,-1
o-xoxxo--,-1,1
xoxoxxo--,-2,-1
o--xxxo--,-1,1
-o-xxxo--,-1,1
--oxxxo--,-1,1
xooxxxo--,-1,1
oxoxxxo--,-1,1
ooxxxxo--,-1,1
------x--,0,-2
o-----x--,2,1
-o----x--,2,1
xo----x--,1,2
-xo---x--,-2,-1
oxo---x--,0,-2
-ox---x--,-2,-1
x--o--x--,-2,-1
-x-o--x--,-2,-1
x-oo--x--,0,-2
xxoo--x--,0,-2
--xo--x--,-2,-1
-oxo--x--,0,2
xoxo--x--,0,-2
oxxo--x--,0,-2
oo-x--x--,-1,-1
o-ox--x--,-1,-3
-oox--x--,0,2
xoox--x--,-1,1
oxox--x--,0,-2
ooxx--x--,0,-2
----o-x--,0,-1
ox--o-x--,-2,-4
-xo-o-x--,-2,-4
xxo-o-x--,-2,-3
o-x-o-x--,0,-2
-ox-o-x--,-2,-4
x--oo-x--,-2,-4
-x-oo-x--,-2,-4
xxooo-x--,-2,-2
--xoo-x--,-2,-4
xoxoo-x--,-1,-1
oxxoo-x--,-1,-1
o--xo-x--,-2,-4
xo-xo-x--,-1,1
x-oxo-x--,-1,1
-xoxo-x--,-2,-3
oxoxo-x--,-2,-2
ooxxo-x--,-1,-1
-o--x-x--,1,2
o-o-x-x--,-2,-4
-oo-x-x--,0,-2
xoo-x-x--,-1,-1
oxo-x-x--,-2,-3
oox-x-x--,-1,1
---ox-x--,1,2
xo-ox-x--,-1,-1
ox-ox-x--,-1,-1
--oox-x--,0,-2
x-oox-x--,-2,-3
-xoox-x--,-2,-3
o-xox-x--,-1,1
-oxox-x--,-1,1
oooxx-x--,-1,1
x----ox--,-1,1
xo---ox--,0,2
-x---ox--,-2,-1
-xo--ox--,0,-2
--x--ox--,-2,-1
-ox--ox--,0,2
xox--ox--,-1,-1
oxx--ox--,0,-2
xxoo-ox--,-1,-1
--xo-ox--,0,2
---x-ox--,-2,-1
o--x-ox--,-2,-2
-o-x-ox--,0,2
xo-x-ox--,-1,1
ox-x-ox--,0,-2
--ox-ox--,0,2
x-ox-ox--,-1,1
oxox-ox--,-2,-2
o-xx-ox--,-2,-3
-oxx-ox--,-1,-1
-x--oox--,-2,-4
--x-oox--,-2,-4
oxx-oox--,-1,-1
xx-ooox--,-1,1
x-xooox--,-1,1
-xxooox--,-1,1
x--xoox--,-1,1
-x-xoox--,-2,-3
ox-xoox--,-2,-2
xxoxoox--,-1,1
--xxoox--,-2,-3
o-xxoox--,-2,-2
xoxxoox--,-1,1
----xox--,1,2
xo--xox--,-1,-1
ox--xox--,-1,-1
--o-xox--,0,-2
o-x-xox--,-1,1
-ox-xox--,-1,1
x--oxox--,-1,-1
-x-oxox--,-1,-1
--xoxox--,-1,1
xoxoxox--,-1,1
oxxoxox--,-1,1
o--xxox--,0,-2
-o-xxox--,-1,-1
o-oxxox--,-1,-1
xooxxox--,-1,1
ooxxxox--,-1,1
o----xx--,-2,-1
-o---xx--,-2,-1
--o--xx--,-2,-1
o-o--xx--,-2,-4
-oo--xx--,0,-2
xoo--xx--,-1,-3
oxo--xx--,-2,-3
oox--xx--,-1,-1
---o-xx--,-2,-1
xo-o-xx--,-2,-3
ox-o-xx--,-1,-3
--oo-xx--,-2,-2
x-oo-xx--,-2,-3
xooo-xx--,0,-2
-xoo-xx--,-2,-3
oxoo-xx--,0,-2
o-xo-xx--,-1,-1
-oxo-xx--,-1,-1
ooox-xx--,-1,1
o---oxx--,0,-2
-o--oxx--,-2,-4
--o-oxx--,-2,-4
x-o-oxx--,-2,-3
-xo-oxx--,-2,-3
oxo-oxx--,-2,-2
---ooxx--,0,-2
x--ooxx--,-2,-3
xo-ooxx--,-2,-2
-x-ooxx--,-2,-3
ox-ooxx--,0,-2
x-oooxx--,-2,-2
-xoooxx--,-2,-2
xxoooxx--,-2,-1
--xooxx--,-2,-3
oo-xoxx--,-1,-1
--oxoxx--,0,-2
o-oxoxx--,-1,-1
xooxoxx--,-1,1
ooo-xxx--,-1,1
o--oxxx--,-2,-3
-o-oxxx--,-2,-3
--ooxxx--,-2,-3
o-ooxxx--,-2,-2
-oooxxx--,-2,-2
xoooxxx--,-2,-1
oxooxxx--,-2,-1
ooxoxxx--,-1,1
-x-----o-,-2,-2
xx-----o-,-2,-1
xxo----o-,-2,-2
x-x----o-,-1,1
-xx----o-,-2,-1
oxx----o-,-2,-2
xx-o---o-,0,2
x-xo---o-,0,2
-xxo---o-,0,2
xxxo---o-,-1,1
xo-x---o-,0,2
-x-x---o-,-2,-1
ox-x---o-,-2,-2
x-ox---o-,0,2
-xox---o-,-2,-2
xxox---o-,0,-2
--xx---o-,-2,-1
oxxx---o-,0,-2
xxx-o--o-,-1,1
-x-xo--o-,0,-2
xx-xo--o-,-1,-1
--xxo--o-,-2,-4
xoxxo--o-,-1,1
-xxxo--o-,-2,-3
oxxxo--o-,-2,-2
----x--o-,2,1
x---x--o-,1,2
ox--x--o-,-2,-4
-xo-x--o-,-2,-4
xxo-x--o-,0,-2
--x-x--o-,1,2
xox-x--o-,-1,-1
oxx-x--o-,0,-2
-x-ox--o-,0,-2
xx-ox--o-,-1,-1
x-xox--o-,-1,-1
-xxox--o-,-1,-1
---xx--o-,1,2
xo-xx--o-,-1,-1
ox-xx--o-,-2,-3
x-oxx--o-,-1,-1
-xoxx--o-,-2,-3
o-xxx--o-,-1,-1
-oxxx--o-,-1,-1
xx---o-o-,0,2
x-x--o-o-,0,2
-xx--o-o-,0,2
xxx--o-o-,-1,1
x--x-o-o-,0,2
xx-x-o-o-,-1,-1
x-xx-o-o-,-1,-1
-xxx-o-o-,-2,-3
oxxx-o-o-,-2,-2
xxxxoo-o-,-1,1
-x--xo-o-,0,-2
xx--xo-o-,-1,-1
x-x-xo-o-,-1,-1
-xx-xo-o-,-1,-1
xxxoxo-o-,-1,1
---xxo-o-,0,-2
x--xxo-o-,-1,-1
-x-xxo-o-,0,-2
ox-xxo-o-,-2,-2
-xoxxo-o-,-2,-2
--xxxo-o-,-2,-3
xoxxxo-o-,-1,-1
oxxxxo-o-,-2,-1
x----x-o-,-2,-1
-x---x-o-,-2,-1
ox---x-o-,-2,-2
-xo--x-o-,-2,-2
xxo--x-o-,0,-2
o-x--x-o-,0,2
-ox--x-o-,0,2
oxx--x-o-,0,-2
xx-o-x-o-,-2,-3
xxoo-x-o-,-2,-2
--xo-x-o-,0,2
x-xo-x-o-,-1,-1
-xxo-x-o-,-1,-1
o--x-x-o-,0,2
-o-x-x-o-,0,2
ox-x-x-o-,-2,-3
--ox-x-o-,0,2
x-ox-x-o-,-1,-1
-xox-x-o-,-2,-3
o-xx-x-o-,-1,-1
x---ox-o-,-2,-4
-x--ox-o-,0,-2
xx--ox-o-,-2,-3
xxo-ox-o-,-2,-2
xox-ox-o-,-1,1
-xx-ox-o-,-1,-1
xxxoox-o-,-1,1
---xox-o-,-1,-3
xo-xox-o-,-1,1
-x-xox-o-,0,-2
ox-xox-o-,-2,-2
-xoxox-o-,-2,-2
-oxxox-o-,-1,1
----xx-o-,1,2
xo--xx-o-,-1,-1
ox--xx-o-,-2,-3
x-o-xx-o-,-1,-1
-xo-xx-o-,-2,-3
o-x-xx-o-,-1,-1
-ox-xx-o-,-1,-1
---oxx-o-,0,-2
x--oxx-o-,-2,-3
-x-oxx-o-,0,-2
ox-oxx-o-,-2,-2
-xooxx-o-,-2,-2
xxooxx-o-,-2,-1
--xoxx-o-,-1,-1
xoxoxx-o-,-1,-1
o--xxx-o-,-1,1
-o-xxx-o-,-1,1
--oxxx-o-,-1,1
xooxxx-o-,-1,1
oxoxxx-o-,-1,1
ooxxxx-o-,-1,1
xx----oo-,0,2
-xx---oo-,0,2
xxx---oo-,-1,1
x--x--oo-,-1,-1
-x-x--oo-,0,-2
xxox--oo-,-1,-1
--xx--oo-,0,-2
xoxx--oo-,-1,-1
oxxx--oo-,-2,-2
xxxxo-oo-,-1,1
-x--x-oo-,-2,-4
--x-x-oo-,0,-2
oxx-x-oo-,-1,-1
xxxox-oo-,-1,1
xxxx-ooo-,-1,1
xxx-xooo-,-1,1
-x-xxooo-,-2,-2
--xxxooo-,-2,-2
oxxxxooo-,-1,-1
-x---xoo-,0,-2
xxo--xoo-,-1,-1
--x--xoo-,0,2
xxxo-xoo-,-1,1
---x-xoo-,0,2
xxx-oxoo-,-1,1
x--xoxoo-,-1,-1
-x-xoxoo-,-1,-1
oxxxoxoo-,1,-1
-x-oxxoo-,-1,-1
---xxxoo-,-1,1
xo-xxxoo-,-1,1
ox-xxxoo-,-1,1
x-oxxxoo-,-1,1
-xoxxxoo-,-1,1
o-xxxxoo-,-1,1
-oxxxxoo-,-1,1
x-----xo-,-1,1
xo----xo-,0,2
-x----xo-,-2,-1
ox----xo-,-2,-2
-xo---xo-,-2,-2
xxo---xo-,-2,-3
--x---xo-,-2,-1
-ox---xo-,0,2
oxx---xo-,-2,-3
xx-o--xo-,-2,-3
xxoo--xo-,-2,-2
--xo--xo-,0,2
x-xo--xo-,-1,-1
-xxo--xo-,-1,-1
---x--xo-,-1,1
-o-x--xo-,0,2
xo-x--xo-,-1,1
ox-x--xo-,-2,-3
--ox--xo-,0,2
x-ox--xo-,-1,1
-xox--xo-,-2,-3
oxox--xo-,-2,-2
o-xx--xo-,0,-2
-x--o-xo-,0,-2
xx--o-xo-,-1,-1
--x-o-xo-,-2,-4
xox-o-xo-,-1,1
-xx-o-xo-,-2,-3
oxx-o-xo-,-2,-2
xxxoo-xo-,-1,1
x--xo-xo-,-1,1
-x-xo-xo-,-2,-3
ox-xo-xo-,-2,-2
xxoxo-xo-,-1,1
o-xxo-xo-,-1,-1
-oxxo-xo-,-1,1
----x-xo-,1,2
xo--x-xo-,-1,-1
ox--x-xo-,-2,-3
--o-x-xo-,0,-2
x-o-x-xo-,-1,-1
-xo-x-xo-,-2,-3
oxo-x-xo-,-2,-2
o-x-x-xo-,-1,1
-ox-x-xo-,-1,1
x--ox-xo-,-1,-1
-x-ox-xo-,-2,-3
-xoox-xo-,-2,-2
xxoox-xo-,-2,-1
--xox-xo-,-1,1
xoxox-xo-,-1,1
oxxox-xo-,-1,1
o--xx-xo-,-1,-1
-o-xx-xo-,-1,-1
--oxx-xo-,-1,-1
xooxx-xo-,-1,1
oxoxx-xo-,-2,-1
ooxxx-xo-,-1,1
x----oxo-,0,2
xx---oxo-,-1,-1
--x--oxo-,0,2
x-x--oxo-,-1,-1
-xx--oxo-,-1,-1
xxxo-oxo-,-1,1
---x-oxo-,0,2
x--x-oxo-,-1,1
-x-x-oxo-,-2,-3
ox-x-oxo-,-2,-2
xxox-oxo-,-1,1
--xx-oxo-,-1,-1
xoxx-oxo-,-1,1
oxxx-oxo-,-2,-1
xxx-ooxo-,-1,1
xx-xooxo-,-1,1
x-xxooxo-,-1,1
-xxxooxo-,-2,-1
oxxxooxo-,-1,-1
x---xoxo-,-1,-1
-x--xoxo-,-2,-3
-xo-xoxo-,-2,-2
--x-xoxo-,-1,1
xox-xoxo-,-1,1
oxx-xoxo-,-1,1
xx-oxoxo-,-1,-1
x-xoxoxo-,-1,1
-xxoxoxo-,-1,1
---xxoxo-,-1,-1
xo-xxoxo-,-1,1
ox-xxoxo-,-2,-1
x-oxxoxo-,-1,1
oxoxxoxo-,-1,-1
o-xxxoxo-,-1,1
-oxxxoxo-,-1,1
-----xxo-,-2,-1
ox---xxo-,-2,-3
x-o--xxo-,-2,-3
-xo--xxo-,-2,-3
oxo--xxo-,-2,-2
o-x--xxo-,-1,-1
x--o-xxo-,-2,-3
xo-o-xxo-,0,-2
-x-o-xxo-,-2,-3
ox-o-xxo-,0,-2
x-oo-xxo-,-2,-2
-xoo-xxo-,-2,-2
xxoo-xxo-,-2,-1
--xo-xxo-,-1,-1
oxxo-xxo-,-1,-1
o--x-xxo-,0,-2
--ox-xxo-,-1,-1
xoox-xxo-,-1,1
oxox-xxo-,-2,-1
----oxxo-,-2,-4
xo--oxxo-,-1,1
-x--oxxo-,-2,-3
ox--oxxo-,-2,-2
-xo-oxxo-,-2,-2
xxo-oxxo-,-2,-1
-ox-oxxo-,-1,1
x--ooxxo-,-2,-2
-x-ooxxo-,0,-2
xx-ooxxo-,-2,-1
xxoooxxo-,-1,-1
-xxooxxo-,-1,-1
oxxooxxo-,1,-1
o--xoxxo-,-1,-1
-o-xoxxo-,-1,1
x-oxoxxo-,-1,1
-xoxoxxo-,-2,-1
oxoxoxxo-,-1,-1
o---xxxo-,-1,-1
-o--xxxo-,-1,-1
--o-xxxo-,-2,-3
xoo-xxxo-,-1,-1
oxo-xxxo-,-2,-1
oox-xxxo-,-1,1
---oxxxo-,-2,-3
xo-oxxxo-,-1,-1
ox-oxxxo-,-2,-1
--ooxxxo-,-2,-2
x-ooxxxo-,-2,-1
-xooxxxo-,-2,-1
oxooxxxo-,-1,-1
o-xoxxxo-,-1,1
-oxoxxxo-,-1,1
oo-xxxxo-,-1,1
o-oxxxxo-,-1,1
-ooxxxxo-,-1,1
-------x-,-2,-3
-o-----x-,-2,-2
xo-----x-,-2,-1
x-o----x-,-2,-1
o-x----x-,-2,-1
-ox----x-,-2,-1
x--o---x-,-2,-1
ox-o---x-,0,2
-xoo---x-,0,2
xxoo---x-,0,-2
--xo---x-,-2,-1
xoxo---x-,-2,-3
-o-x---x-,-2,-1
oo-x---x-,0,-2
o-ox---x-,-1,-3
-oox---x-,0,-2
xoox---x-,-1,-3
oxox---x-,0,-2
ooxx---x-,-1,-3
----o--x-,0,-1
xo--o--x-,0,-2
-x--o--x-,2,1
ox--o--x-,-1,-3
x-o-o--x-,0,-2
-xo-o--x-,-1,-3
o-x-o--x-,0,-2
-ox-o--x-,0,-2
xox-o--x-,-2,-3
x--oo--x-,-2,-4
-x-oo--x-,-1,-3
xxooo--x-,-1,-1
--xoo--x-,-2,-4
xoxoo--x-,-2,-2
oxxoo--x-,-1,-1
o--xo--x-,-2,-4
-o-xo--x-,0,-2
xo-xo--x-,-2,-3
--oxo--x-,0,-2
oxoxo--x-,-1,-1
-oxxo--x-,-2,-3
ooxxo--x-,0,-2
oo--x--x-,-2,-4
-oo-x--x-,-2,-4
xoo-x--x-,-2,-3
oxo-x--x-,-1,1
oox-x--x-,-2,-3
---ox--x-,1,2
-o-ox--x-,0,-2
xo-ox--x-,-2,-3
ox-ox--x-,-1,1
x-oox--x-,-1,-1
-xoox--x-,-1,1
-oxox--x-,-2,-3
oooxx--x-,-1,1
x----o-x-,-2,-1
ox---o-x-,0,2
-xo--o-x-,0,2
--x--o-x-,-2,-1
xox--o-x-,-2,-3
oxx--o-x-,0,-2
-x-o-o-x-,0,2
xoxo-o-x-,0,-2
---x-o-x-,-2,-1
o--x-o-x-,-2,-2
xo-x-o-x-,-2,-3
ox-x-o-x-,-2,-3
--ox-o-x-,0,-2
o-xx-o-x-,-2,-3
-oxx-o-x-,-2,-3
ooxx-o-x-,0,-2
x---oo-x-,-2,-4
-x--oo-x-,-1,-3
xxo-oo-x-,-1,-1
--x-oo-x-,-2,-4
xox-oo-x-,-2,-2
oxx-oo-x-,-1,-1
xx-ooo-x-,-1,1
x-xooo-x-,-1,1
-xxooo-x-,-1,1
---xoo-x-,0,-2
x--xoo-x-,-2,-3
-x-xoo-x-,0,-2
ox-xoo-x-,-2,-2
-xoxoo-x-,-1,-1
--xxoo-x-,-2,-3
o-xxoo-x-,-2,-2
-oxxoo-x-,0,-2
xoxxoo-x-,-2,-1
----xo-x-,1,2
-o--xo-x-,0,-2
xo--xo-x-,-2,-3
ox--xo-x-,-1,1
-xo-xo-x-,-1,1
o-x-xo-x-,-1,-1
-ox-xo-x-,-2,-3
x--oxo-x-,-1,-1
-x-oxo-x-,-1,1
xxooxo-x-,-1,1
--xoxo-x-,-1,-1
xoxoxo-x-,-1,-1
oxxoxo-x-,-1,1
o--xxo-x-,-2,-3
-o-xxo-x-,0,-2
oo-xxo-x-,-2,-2
-ooxxo-x-,-1,-1
oxoxxo-x-,-1,1
ooxxxo-x-,-2,-1
-o---x-x-,-2,-1
oo---x-x-,0,-2
o-o--x-x-,-1,-3
-oo--x-x-,0,-2
xoo--x-x-,-1,-3
oxo--x-x-,0,-2
oox--x-x-,-1,-3
---o-x-x-,-2,-1
o--o-x-x-,0,-2
xo-o-x-x-,-2,-3
--oo-x-x-,-2,-2
x-oo-x-x-,-2,-3
xooo-x-x-,0,-2
-xoo-x-x-,-2,-3
-oxo-x-x-,-2,-3
ooox-x-x-,-1,1
o---ox-x-,0,-2
-o--ox-x-,0,-2
xo--ox-x-,-2,-3
--o-ox-x-,-2,-4
xoo-ox-x-,0,-2
oxo-ox-x-,-1,-1
-ox-ox-x-,-2,-3
---oox-x-,0,-2
x--oox-x-,-2,-3
xo-oox-x-,0,-2
-x-oox-x-,0,-2
ox-oox-x-,-1,-1
x-ooox-x-,-2,-2
-xooox-x-,-2,-2
--xoox-x-,-2,-3
xoxoox-x-,-2,-1
-o-xox-x-,0,-2
oo-xox-x-,-1,-1
o-oxox-x-,-1,-1
-ooxox-x-,-1,-1
ooo-xx-x-,-1,1
-o-oxx-x-,0,-2
oo-oxx-x-,-1,-1
--ooxx-x-,-2,-3
-oooxx-x-,-2,-2
xoooxx-x-,-2,-1
oxooxx-x-,-1,1
------ox-,0,-1
xo----ox-,-2,-2
x-o---ox-,0,-2
--x---ox-,-2,-1
o-x---ox-,-2,-4
-ox---ox-,-2,-2
xox---ox-,-2,-3
-x-o--ox-,0,2
xx-o--ox-,-1,-1
--xo--ox-,0,-2
x-xo--ox-,-1,-3
xoxo--ox-,0,-2
oxxo--ox-,-1,1
---x--ox-,-2,-1
o--x--ox-,0,-2
-o-x--ox-,-2,-2
xo-x--ox-,-2,-3
ox-x--ox-,0,-2
--ox--ox-,0,-2
xoox--ox-,0,-2
o-xx--ox-,-2,-3
-oxx--ox-,-2,-3
ooxx--ox-,0,-2
x---o-ox-,-2,-4
-x--o-ox-,-1,-3
xxo-o-ox-,-1,1
--x-o-ox-,-2,-4
x-x-o-ox-,-2,-3
xox-o-ox-,-2,-2
-xx-o-ox-,0,-2
oxx-o-ox-,-1,-1
xxxoo-ox-,-1,1
---xo-ox-,-2,-4
xo-xo-ox-,-2,-2
ox-xo-ox-,-1,-1
x-oxo-ox-,-1,1
-xoxo-ox-,-1,1
--xxo-ox-,-2,-3
o-xxo-ox-,-2,-2
-oxxo-ox-,-2,-2
xoxxo-ox-,-2,-1
-o--x-ox-,-2,-4
xo--x-ox-,-2,-3
ox--x-ox-,-1,1
x-o-x-ox-,-1,-1
-xo-x-ox-,-1,1
-ox-x-ox-,-2,-3
oox-x-ox-,-2,-2
x--ox-ox-,-1,-1
-x-ox-ox-,-1,1
xxoox-ox-,-1,1
o-xox-ox-,-1,1
-oxox-ox-,-2,-2
xoxox-ox-,-2,-1
o--xx-ox-,-1,-1
-o-xx-ox-,-2,-3
--oxx-ox-,-1,-1
xooxx-ox-,-1,-1
oxoxx-ox-,-1,1
ooxxx-ox-,-2,-1
-x---oox-,0,2
xx---oox-,-1,-1
x-x--oox-,-2,-3
xox--oox-,-2,-2
-xx--oox-,-1,-1
xxxo-oox-,-1,1
---x-oox-,-2,-2
x--x-oox-,0,-2
xo-x-oox-,-2,-2
-x-x-oox-,-2,-3
x-ox-oox-,-1,-1
--xx-oox-,-2,-3
o-xx-oox-,-2,-2
-oxx-oox-,-2,-2
xoxx-oox-,-2,-1
oxxx-oox-,-2,-1
xxx-ooox-,-1,1
x--xooox-,-2,-2
-x-xooox-,-2,-2
--xxooox-,-2,-2
x-xxooox-,-2,-1
xoxxooox-,-1,-1
-xxxooox-,-2,-1
oxxxooox-,-1,-1
x---xoox-,-1,-1
-x--xoox-,-1,1
xxo-xoox-,-1,1
--x-xoox-,-2,-3
-ox-xoox-,-2,-2
xox-xoox-,-2,-1
oxx-xoox-,-1,1
xx-oxoox-,-1,1
x-xoxoox-,-1,-1
-xxoxoox-,-1,1
---xxoox-,-2,-3
-o-xxoox-,-2,-2
xo-xxoox-,-2,-1
ox-xxoox-,-1,1
xooxxoox-,1,-1
-xoxxoox-,-1,1
o-xxxoox-,-2,-1
-oxxxoox-,-2,-1
ooxxxoox-,-1,-1
o----xox-,-1,-3
-o---xox-,-2,-2
xo---xox-,-2,-3
--o--xox-,0,-2
xoo--xox-,0,-2
-ox--xox-,-2,-3
---o-xox-,0,-2
x--o-xox-,-1,-3
xo-o-xox-,0,-2
ox-o-xox-,-1,1
x-oo-xox-,0,-2
o-xo-xox-,-1,1
xoxo-xox-,-2,-1
o--x-xox-,0,-2
-o-x-xox-,-2,-3
ooxx-xox-,-1,-1
----oxox-,-2,-4
xo--oxox-,-2,-2
ox--oxox-,-1,-1
x-o-oxox-,-1,1
-xo-oxox-,-1,1
--x-oxox-,-2,-3
xox-oxox-,-2,-1
x--ooxox-,0,-2
-x-ooxox-,-1,-1
x-xooxox-,-1,-1
xoxooxox-,1,-1
o--xoxox-,-1,-1
-o-xoxox-,-2,-2
--oxoxox-,-1,1
-oxxoxox-,-2,-1
ooxxoxox-,1,-1
-o--xxox-,-2,-3
--o-xxox-,-1,-1
xoo-xxox-,-1,-1
oxo-xxox-,-1,1
o--oxxox-,-1,1
-o-oxxox-,-2,-2
xo-oxxox-,-2,-1
x-ooxxox-,-1,-1
xoooxxox-,1,-1
-xooxxox-,-1,1
oo-xxxox-,-1,1
o-oxxxox-,-1,1
-ooxxxox-,-1,1
o-----xx-,-1,1
-o----xx-,-2,-1
oo----xx-,0,2
-oo---xx-,0,2
xoo---xx-,-1,-1
oxo---xx-,-1,-1
oox---xx-,-1,-1
---o--xx-,-1,1
o--o--xx-,0,2
-o-o--xx-,0,2
xo-o--xx-,-2,-3
ox-o--xx-,-1,-1
--oo--xx-,0,2
x-oo--xx-,-2,-3
-xoo--xx-,-1,-1
o-xo--xx-,-1,-1
-oxo--xx-,-1,-1
ooox--xx-,-1,1
xo--o-xx-,-1,-1
x-o-o-xx-,-1,-1
-xo-o-xx-,0,-2
-ox-o-xx-,-2,-3
-o-xo-xx-,-1,-1
--oxo-xx-,-1,-1
xooxo-xx-,-1,1
ooo-x-xx-,-1,1
o--ox-xx-,-1,-1
-o-ox-xx-,-1,-1
--oox-xx-,-1,-1
xooox-xx-,-2,-1
oxoox-xx-,-1,1
ooxox-xx-,-1,1
o----oxx-,0,2
-o---oxx-,0,2
xo---oxx-,-1,-1
ox---oxx-,-1,-1
--o--oxx-,0,2
o-x--oxx-,-1,-1
-ox--oxx-,-1,-1
---o-oxx-,0,2
o--x-oxx-,0,-2
-o-x-oxx-,-1,-1
xoox-oxx-,-1,1
ooxx-oxx-,-1,-1
x--oooxx-,-1,1
-x-oooxx-,-1,1
--xoooxx-,-1,1
---xooxx-,-1,-1
xo-xooxx-,-1,1
x-oxooxx-,-1,1
oxoxooxx-,1,-1
-oxxooxx-,-1,-1
ooxxooxx-,1,-1
o---xoxx-,-1,-1
-o--xoxx-,-1,-1
oxo-xoxx-,-1,1
oox-xoxx-,-1,1
---oxoxx-,-1,-1
xo-oxoxx-,-1,-1
ox-oxoxx-,-1,1
-xooxoxx-,-1,1
o-xoxoxx-,-1,1
-oxoxoxx-,-1,1
ooo--xxx-,-1,1
o--o-xxx-,-1,-3
-o-o-xxx-,-2,-3
--oo-xxx-,-2,-3
xooo-xxx-,-2,-1
oxoo-xxx-,-1,-1
ooxo-xxx-,-1,-1
-o--oxxx-,-2,-3
--o-oxxx-,-2,-3
xoo-oxxx-,-1,-1
---ooxxx-,-2,-3
xo-ooxxx-,-2,-1
x-oooxxx-,-2,-1
xooooxxx-,1,-1
-xoooxxx-,-2,-1
oxoooxxx-,1,-1
-oxooxxx-,-2,-1
ooxooxxx-,1,-1
x-------o,2,1
-x------o,2,1
xx------o,2,1
xxo-----o,-1,-3
--x-----o,2,1
xox-----o,0,-2
-xx-----o,-1,1
oxx-----o,0,-2
xx-o----o,0,2
-xxo----o,0,2
xxxo----o,-1,1
xo-x----o,0,2
ox-x----o,0,-2
-xox----o,-1,-3
--xx----o,-2,-1
o-xx----o,0,-2
xoxx----o,-2,-3
xxx-o---o,-1,1
-x-xo---o,0,-2
xx-xo---o,-1,-1
--xxo---o,0,-2
x-xxo---o,-1,-1
oxxxo---o,-1,1
----x---o,0,-1
xo--x---o,0,-2
x-o-x---o,-2,-4
xox-x---o,-2,-3
oxx-x---o,-1,-1
x--ox---o,0,-2
xx-ox---o,-1,-1
x-xox---o,-1,-1
-xxox---o,-1,-1
xo-xx---o,-1,-1
ox-xx---o,-1,-1
o-xxx---o,-1,-1
-oxxx---o,-1,-1
-xx--o--o,0,2
xxx--o--o,-1,1
-x-x-o--o,0,-2
xxox-o--o,-1,1
x-xx-o--o,-1,-1
-xxx-o--o,-1,-3
oxxx-o--o,0,-2
xxxxoo--o,-1,1
x---xo--o,0,-2
xxo-xo--o,-1,1
x-x-xo--o,-1,-1
-xx-xo--o,-1,-1
xxxoxo--o,-1,1
---xxo--o,-2,-4
x-oxxo--o,-1,1
-xoxxo--o,-1,1
--xxxo--o,-2,-3
xoxxxo--o,-2,-1
oxxxxo--o,-1,-1
-----x--o,0,-1
x----x--o,-2,-1
ox---x--o,0,-2
x-o--x--o,0,-2
-xo--x--o,0,-2
xxo--x--o,0,-2
o-x--x--o,0,-2
xox--x--o,0,-2
x--o-x--o,-2,-2
-x-o-x--o,-2,-2
xx-o-x--o,-2,-3
xxoo-x--o,-2,-2
--xo-x--o,-2,-2
x-xo-x--o,-2,-3
xoxo-x--o,-2,-2
-xxo-x--o,0,-2
oxxo-x--o,-1,-1
-o-x-x--o,0,2
xo-x-x--o,-1,-1
x-ox-x--o,-1,-1
-xox-x--o,0,-2
-oxx-x--o,0,-2
x---ox--o,-2,-4
-x--ox--o,-2,-4
xx--ox--o,-2,-3
xxo-ox--o,-2,-2
--x-ox--o,-2,-4
x-x-ox--o,-2,-3
xox-ox--o,-2,-2
oxx-ox--o,-1,1
xxxoox--o,-1,1
---xox--o,-1,-3
x--xox--o,0,-2
ox-xox--o,-1,1
-xoxox--o,-1,-1
o-xxox--o,-1,1
-oxxox--o,-1,-1
xo--xx--o,-2,-3
ox--xx--o,-1,-1
x-o-xx--o,-2,-3
-xo-xx--o,-1,-1
o-x-xx--o,-1,-1
-ox-xx--o,-1,-1
---oxx--o,-2,-4
x--oxx--o,-2,-3
xo-oxx--o,-2,-2
-x-oxx--o,-2,-3
x-ooxx--o,-2,-2
xxooxx--o,-2,-1
--xoxx--o,0,-2
xoxoxx--o,-2,-1
o--xxx--o,-1,1
-o-xxx--o,-1,1
--oxxx--o,-1,1
xooxxx--o,-1,1
oxoxxx--o,-1,1
ooxxxx--o,-1,1
xxx---o-o,-1,1
x--x--o-o,-1,-3
-x-x--o-o,-1,-3
xxox--o-o,-1,-1
--xx--o-o,-2,-4
xoxx--o-o,-2,-2
oxxx--o-o,-1,-1
xxxxo-o-o,-1,1
x---x-o-o,-2,-4
--x-x-o-o,-2,-4
xox-x-o-o,-2,-2
xxxox-o-o,-1,1
xxxx-oo-o,-1,1
xxx-xoo-o,-1,1
x--xxoo-o,-1,-1
--xxxoo-o,-2,-2
xoxxxoo-o,-1,-1
oxxxxoo-o,1,-1
x----xo-o,-2,-4
-x---xo-o,-1,-3
xxo--xo-o,-1,-1
--x--xo-o,-1,-3
xox--xo-o,-2,-2
oxx--xo-o,-1,-1
xxxo-xo-o,-1,1
xxx-oxo-o,-1,1
x--xoxo-o,-1,-1
-x-xoxo-o,-1,-1
--xxoxo-o,-1,-1
xoxxoxo-o,-1,-1
x--oxxo-o,-2,-2
xxooxxo-o,1,-1
--xoxxo-o,-1,-1
xoxoxxo-o,-1,-1
---xxxo-o,-1,1
xo-xxxo-o,-1,1
ox-xxxo-o,-1,1
x-oxxxo-o,-1,1
-xoxxxo-o,-1,1
o-xxxxo-o,-1,1
-oxxxxo-o,-1,1
------x-o,2,1
x-----x-o,1,2
ox----x-o,0,-2
-xo---x-o,-2,-4
--x---x-o,1,2
xox---x-o,-1,-1
x--o--x-o,0,-2
xx-o--x-o,-2,-3
xxoo--x-o,-2,-2
x-xo--x-o,-1,-1
-xxo--x-o,-1,-1
---x--x-o,1,2
o--x--x-o,0,-2
-o-x--x-o,0,2
xo-x--x-o,-1,1
x-ox--x-o,-1,1
oxox--x-o,-1,-1
-oxx--x-o,-1,-1
-x--o-x-o,0,-2
xx--o-x-o,-1,-1
--x-o-x-o,0,-2
x-x-o-x-o,-1,-1
oxx-o-x-o,-1,1
xxxoo-x-o,-1,1
x--xo-x-o,-1,1
ox-xo-x-o,-1,1
xxoxo-x-o,-1,1
o-xxo-x-o,-1,1
xoxxo-x-o,-1,1
xo--x-x-o,-1,-1
ox--x-x-o,-1,-1
--o-x-x-o,-2,-4
o-x-x-x-o,-1,1
-ox-x-x-o,-1,1
x--ox-x-o,-2,-3
-x-ox-x-o,-1,-1
x-oox-x-o,-2,-2
--xox-x-o,-1,1
xoxox-x-o,-1,1
oxxox-x-o,-1,1
o--xx-x-o,-1,-1
-o-xx-x-o,-1,-1
xooxx-x-o,-1,1
ooxxx-x-o,-1,1
xxo--ox-o,-1,1
x-x--ox-o,-1,-1
-xx--ox-o,-1,-1
xxxo-ox-o,-1,1
---x-ox-o,0,2
x--x-ox-o,-1,1
ox-x-ox-o,-1,-1
-xox-ox-o,-1,1
--xx-ox-o,-1,-1
xoxx-ox-o,-1,1
xxx-oox-o,-1,1
xx-xoox-o,-1,1
x-xxoox-o,-1,1
x-o-xox-o,-1,1
-xo-xox-o,-1,1
--x-xox-o,-1,1
xox-xox-o,-1,1
oxx-xox-o,-1,1
x-xoxox-o,-1,1
-xxoxox-o,-1,1
xo-xxox-o,-1,1
--oxxox-o,-1,1
o-xxxox-o,-1,1
-oxxxox-o,-1,1
o----xx-o,0,-2
xo---xx-o,-2,-3
--o--xx-o,0,-2
x-o--xx-o,-2,-3
-xo--xx-o,-2,-3
oxo--xx-o,0,-2
-ox--xx-o,0,-2
---o-xx-o,-2,-2
x--o-xx-o,-2,-3
xo-o-xx-o,-2,-2
-x-o-xx-o,-2,-3
ox-o-xx-o,0,-2
x-oo-xx-o,-2,-2
-xoo-xx-o,-2,-2
xxoo-xx-o,-2,-1
--xo-xx-o,-2,-3
xoxo-xx-o,-2,-1
-o-x-xx-o,-1,-1
--ox-xx-o,-1,-1
xoox-xx-o,-1,1
----oxx-o,-2,-4
x---oxx-o,-2,-3
ox--oxx-o,-1,1
-xo-oxx-o,-2,-2
xxo-oxx-o,-2,-1
o-x-oxx-o,-1,1
-ox-oxx-o,-1,-1
x--ooxx-o,-2,-2
-x-ooxx-o,-2,-2
xx-ooxx-o,-2,-1
xxoooxx-o,-1,-1
--xooxx-o,-2,-2
x-xooxx-o,-2,-1
xoxooxx-o,-1,-1
o--xoxx-o,-1,1
xo-xoxx-o,-1,1
x-oxoxx-o,-1,1
o---xxx-o,-1,-1
-o--xxx-o,-1,-1
--o-xxx-o,-2,-3
xoo-xxx-o,-2,-1
oxo-xxx-o,-1,-1
oox-xxx-o,-1,1
---oxxx-o,-2,-3
xo-oxxx-o,-2,-1
ox-oxxx-o,-1,-1
--ooxxx-o,-2,-2
x-ooxxx-o,-2,-1
xoooxxx-o,-1,-1
-xooxxx-o,-2,-1
oxooxxx-o,1,-1
o-xoxxx-o,-1,1
-oxoxxx-o,-1,1
oo-xxxx-o,-1,1
o-oxxxx-o,-1,1
-ooxxxx-o,-1,1
xx-----oo,0,2
-xx----oo,0,2
xxx----oo,-1,1
x--x---oo,0,2
-x-x---oo,0,-2
oxxx---oo,-1,-1
xxxxo--oo,-1,1
x---x--oo,0,-2
-x--x--oo,-2,-4
xxo-x--oo,-1,-1
xxxox--oo,-1,1
xxxx-o-oo,-1,1
xxx-xo-oo,-1,1
-x-xxo-oo,-1,-1
oxxxxo-oo,1,-1
x----x-oo,0,-4
-x---x-oo,0,-2
xxo--x-oo,-2,-2
--x--x-oo,-1,-1
xox--x-oo,-1,-1
oxx--x-oo,-1,-1
xxxo-x-oo,-1,1
---x-x-oo,0,2
xxx-ox-oo,-1,1
-x-xox-oo,-1,-1
xxoxox-oo,1,-1
--xxox-oo,-1,-1
x--oxx-oo,-2,-2
-x-oxx-oo,-2,-2
xxooxx-oo,-1,-1
oxxoxx-oo,1,-1
---xxx-oo,-1,1
xo-xxx-oo,-1,1
ox-xxx-oo,-1,1
x-oxxx-oo,-1,1
-xoxxx-oo,-1,1
o-xxxx-oo,-1,1
-oxxxx-oo,-1,1
xx-x--ooo,-1,1
x-xx--ooo,-1,1
-xxx--ooo,-1,1
xx--x-ooo,-1,1
x-x-x-ooo,-1,1
-xx-x-ooo,-1,1
x--xx-ooo,-1,1
-x-xx-ooo,-1,1
--xxx-ooo,-1,1
xx---xooo,-1,1
x-x--xooo,-1,1
-xx--xooo,-1,1
x--x-xooo,-1,1
-x-x-xooo,-1,1
xxox-xooo,-1,1
--xx-xooo,-1,1
xoxx-xooo,-1,1
oxxx-xooo,-1,1
x---xxooo,-1,1
-x--xxooo,-1,1
--x-xxooo,-1,1
xx----xoo,-1,-1
x-x---xoo,-1,-1
-xx---xoo,-1,-1
xxxo--xoo,-1,1
---x--xoo,0,2
x--x--xoo,-1,1
-x-x--xoo,-1,-3
ox-x--xoo,0,-2
xxox--xoo,-1,1
--xx--xoo,-1,-1
xoxx--xoo,-1,1
xxx-o-xoo,-1,1
xx-xo-xoo,-1,1
x-xxo-xoo,-1,1
x---x-xoo,-1,-1
-x--x-xoo,-2,-3
-xo-x-xoo,-2,-2
--x-x-xoo,-1,1
xox-x-xoo,-1,1
oxx-x-xoo,-1,1
xx-ox-xoo,-2,-1
xxoox-xoo,-1,-1
x-xox-xoo,-1,1
-xxox-xoo,-1,1
---xx-xoo,-1,-1
xo-xx-xoo,-1,1
ox-xx-xoo,-1,-1
x-oxx-xoo,-1,1
oxoxx-xoo,1,-1
o-xxx-xoo,-1,1
-oxxx-xoo,-1,1
xxx--oxoo,-1,1
xx-x-oxoo,-1,1
x-xx-oxoo,-1,1
-xxx-oxoo,-1,-1
-xxxooxoo,1,-1
x-x-xoxoo,-1,1
-xx-xoxoo,-1,1
x--xxoxoo,-1,1
ox-xxoxoo,1,-1
--xxxoxoo,-1,1
x----xxoo,-1,-3
-x---xxoo,-1,-3
ox---xxoo,0,-2
-xo--xxoo,0,-2
xxo--xxoo,-2,-1
--x--xxoo,0,-2
x--o-xxoo,0,-2
-x-o-xxoo,0,-2
xx-o-xxoo,-2,-1
xxoo-xxoo,-2,0
x-xo-xxoo,-1,-1
-xxo-xxoo,-1,-1
---x-xxoo,-1,-1
xo-x-xxoo,-1,1
x-ox-xxoo,-1,1
-xox-xxoo,-1,-1
-x--oxxoo,0,-2
xx--oxxoo,-1,-1
xxo-oxxoo,1,-1
--x-oxxoo,-1,-1
xx-ooxxoo,1,-1
x-xooxxoo,1,-1
-xxooxxoo,1,-1
x--xoxxoo,-1,1
-xoxoxxoo,1,-1
----xxxoo,-1,-1
xo--xxxoo,-1,-1
ox--xxxoo,-1,-1
x-o-xxxoo,-2,-1
xoo-xxxoo,1,-1
-xo-xxxoo,-2,-1
oxo-xxxoo,1,-1
o-x-xxxoo,-1,1
-ox-xxxoo,-1,1
x--oxxxoo,-2,-1
-x-oxxxoo,-2,-1
ox-oxxxoo,1,-1
x-ooxxxoo,-1,-1
-xooxxxoo,-1,-1
xxooxxxoo,-1,0
--xoxxxoo,-1,1
o--xxxxoo,-1,1
-o-xxxxoo,-1,1
--oxxxxoo,-1,1
-------xo,0,-1
xo-----xo,-2,-2
x-o----xo,-2,-4
--x----xo,-2,-1
o-x----xo,0,-2
-ox----xo,-2,-2
xox----xo,-2,-3
-x-o---xo,0,2
xx-o---xo,-1,-1
x-xo---xo,-2,-3
xoxo---xo,-2,-2
-xxo---xo,-1,-1
o--x---xo,0,-2
-o-x---xo,-2,-2
xo-x---xo,-2,-3
--ox---xo,-1,-3
-oxx---xo,-2,-3
ooxx---xo,0,-2
x---o--xo,-2,-4
-x--o--xo,-1,-3
xx--o--xo,0,-2
xxo-o--xo,-1,-1
--x-o--xo,-2,-4
x-x-o--xo,-2,-3
xox-o--xo,-2,-2
oxx-o--xo,-1,1
xxxoo--xo,-1,1
---xo--xo,-2,-4
x--xo--xo,-2,-3
ox-xo--xo,-1,1
-xoxo--xo,-1,-1
o-xxo--xo,-1,1
-oxxo--xo,-2,-2
xoxxo--xo,-2,-1
-o--x--xo,-2,-4
xo--x--xo,-2,-3
ox--x--xo,-1,1
xoo-x--xo,-2,-2
-xo-x--xo,-1,1
o-x-x--xo,-1,-1
-ox-x--xo,-2,-3
x--ox--xo,-2,-3
xo-ox--xo,-2,-2
-x-ox--xo,-1,1
xxoox--xo,-1,1
--xox--xo,-1,-1
xoxox--xo,-2,-1
oxxox--xo,-1,1
o--xx--xo,-1,-1
-o-xx--xo,-2,-3
oxoxx--xo,-1,1
ooxxx--xo,-1,-1
x----o-xo,0,-4
-x---o-xo,0,2
xxo--o-xo,-1,1
x-x--o-xo,-1,-3
xox--o-xo,0,-2
-xx--o-xo,-1,-1
xxxo-o-xo,-1,1
---x-o-xo,0,-2
x-ox-o-xo,-1,1
-xox-o-xo,-1,1
--xx-o-xo,-1,-3
o-xx-o-xo,0,-2
-oxx-o-xo,0,-2
xoxx-o-xo,-2,-1
xxx-oo-xo,-1,1
-x-xoo-xo,-1,-1
--xxoo-xo,0,-2
x-xxoo-xo,-1,-1
xoxxoo-xo,1,-1
xo--xo-xo,-2,-2
-x--xo-xo,-1,1
x-o-xo-xo,-1,1
--x-xo-xo,-1,-1
xox-xo-xo,-2,-1
oxx-xo-xo,-1,1
xx-oxo-xo,-1,1
x-xoxo-xo,-1,-1
-xxoxo-xo,-1,1
-o-xxo-xo,-2,-2
ox-xxo-xo,-1,1
--oxxo-xo,-1,1
o-xxxo-xo,-1,-1
-oxxxo-xo,-2,-1
ooxxxo-xo,1,-1
-----x-xo,-2,-1
o----x-xo,0,-2
-o---x-xo,-2,-2
xo---x-xo,-2,-3
--o--x-xo,0,-2
x-o--x-xo,-2,-3
xoo--x-xo,0,-2
-xo--x-xo,0,-2
-ox--x-xo,-2,-3
oox--x-xo,0,-2
---o-x-xo,-2,-2
x--o-x-xo,-2,-3
xo-o-x-xo,-2,-2
-x-o-x-xo,-2,-3
x-oo-x-xo,-2,-2
xxoo-x-xo,-2,-1
--xo-x-xo,0,-2
o-xo-x-xo,-1,-1
-oxo-x-xo,-2,-2
xoxo-x-xo,-2,-1
-o-x-x-xo,-2,-3
--ox-x-xo,0,-2
xoox-x-xo,-1,-1
----ox-xo,-2,-4
x---ox-xo,-2,-3
xo--ox-xo,-2,-2
ox--ox-xo,-1,1
x-o-ox-xo,-2,-2
-xo-ox-xo,-1,-1
o-x-ox-xo,-1,1
-ox-ox-xo,-2,-2
xox-ox-xo,-2,-1
x--oox-xo,-2,-2
-x-oox-xo,-2,-2
xx-oox-xo,-2,-1
xxooox-xo,-1,-1
--xoox-xo,-2,-2
x-xoox-xo,-2,-1
xoxoox-xo,-1,-1
o--xox-xo,-1,1
-o-xox-xo,-2,-2
xo-xox-xo,-2,-1
--oxox-xo,-1,-1
xooxox-xo,1,-1
o---xx-xo,-1,-1
-o--xx-xo,-2,-3
--o-xx-xo,-1,-1
xoo-xx-xo,-2,-1
oxo-xx-xo,-1,1
oox-xx-xo,-1,-1
---oxx-xo,-2,-3
-o-oxx-xo,-2,-2
xo-oxx-xo,-2,-1
ox-oxx-xo,-1,1
x-ooxx-xo,-2,-1
xoooxx-xo,-1,-1
-xooxx-xo,-1,1
-oxoxx-xo,-2,-1
ooxoxx-xo,1,-1
oo-xxx-xo,-1,1
o-oxxx-xo,-1,1
-ooxxx-xo,-1,1
x-----oxo,0,-2
xx----oxo,-1,-1
--x---oxo,0,-2
x-x---oxo,-2,-3
xox---oxo,-2,-2
-xx---oxo,-1,-1
xxxo--oxo,-1,1
---x--oxo,0,-2
x--x--oxo,0,-2
xo-x--oxo,-2,-2
-x-x--oxo,0,-2
x-ox--oxo,-1,-1
--xx--oxo,-2,-3
o-xx--oxo,0,-2
-oxx--oxo,-2,-2
xoxx--oxo,-2,-1
xxx-o-oxo,-1,1
x--xo-oxo,-2,-2
-x-xo-oxo,-1,-1
--xxo-oxo,-2,-2
x-xxo-oxo,-2,-1
xoxxo-oxo,-1,-1
x---x-oxo,-2,-3
xo--x-oxo,-2,-2
-x--x-oxo,-1,1
xxo-x-oxo,-1,1
--x-x-oxo,-2,-3
-ox-x-oxo,-2,-2
xox-x-oxo,-2,-1
oxx-x-oxo,-1,1
xx-ox-oxo,-1,1
x-xox-oxo,-2,-1
xoxox-oxo,-1,-1
-xxox-oxo,-1,1
---xx-oxo,-1,-1
xo-xx-oxo,-2,-1
ox-xx-oxo,-1,1
xooxx-oxo,1,-1
-xoxx-oxo,-1,1
o-xxx-oxo,-1,-1
-oxxx-oxo,-2,-1
ooxxx-oxo,1,-1
xxx--ooxo,-1,1
x--x-ooxo,-2,-2
xxox-ooxo,-1,1
--xx-ooxo,0,-2
x-xx-ooxo,-2,-1
xoxx-ooxo,-2,0
-xxx-ooxo,-1,-1
xx-xoooxo,1,-1
x-xxoooxo,1,-1
-xxxoooxo,1,-1
xx--xooxo,-1,1
x-x-xooxo,-2,-1
xox-xooxo,-1,-1
-xx-xooxo,-1,1
x-xoxooxo,1,-1
xo-xxooxo,-1,-1
-x-xxooxo,-1,1
--xxxooxo,-2,-1
o-xxxooxo,1,-1
-oxxxooxo,-1,-1
xoxxxooxo,-1,0
-----xoxo,0,-2
x----xoxo,-2,-3
xo---xoxo,-2,-2
-x---xoxo,0,-2
x-o--xoxo,0,-2
--x--xoxo,0,-2
o-x--xoxo,-1,-1
-ox--xoxo,-2,-2
xox--xoxo,-2,-1
x--o-xoxo,0,-2
xx-o-xoxo,-1,-1
--xo-xoxo,-2,-2
x-xo-xoxo,-2,-1
xoxo-xoxo,-2,0
oxxo-xoxo,-1,1
---x-xoxo,0,-2
xo-x-xoxo,-2,-1
-oxx-xoxo,-2,-1
x---oxoxo,-2,-2
-x--oxoxo,-1,-1
--x-oxoxo,-2,-2
x-x-oxoxo,-2,-1
xox-oxoxo,-1,-1
xx-ooxoxo,1,-1
x-xooxoxo,1,-1
-xxooxoxo,1,-1
---xoxoxo,-1,-1
xo-xoxoxo,-1,-1
-oxxoxoxo,-1,-1
xoxxoxoxo,-1,0
----xxoxo,-1,-1
xo--xxoxo,-2,-1
ox--xxoxo,-1,1
x-o-xxoxo,-1,-1
xoo-xxoxo,1,-1
-xo-xxoxo,-1,1
-ox-xxoxo,-2,-1
oox-xxoxo,1,-1
x--oxxoxo,-2,-1
xo-oxxoxo,-1,-1
-x-oxxoxo,-1,1
x-ooxxoxo,1,-1
-oxoxxoxo,-1,-1
xoxoxxoxo,-1,0
o--xxxoxo,-1,1
-o-xxxoxo,-1,1
--oxxxoxo,-1,1
------xxo,2,1
o-----xxo,0,-2
-o----xxo,-2,-2
xo----xxo,-2,-3
--o---xxo,-1,-3
-ox---xxo,-2,-3
x--o--xxo,0,-2
xo-o--xxo,-2,-2
-x-o--xxo,0,-2
x-oo--xxo,-2,-2
--xo--xxo,0,-2
xoxo--xxo,-2,-1
-o-x--xxo,0,-2
oo-x--xxo,-1,-1
o-ox--xxo,-1,-1
xoox--xxo,-1,1
----o-xxo,-2,-4
x---o-xxo,-2,-3
ox--o-xxo,-1,1
-xo-o-xxo,-1,-1
o-x-o-xxo,-1,1
-ox-o-xxo,-2,-2
xox-o-xxo,-2,-1
x--oo-xxo,-2,-2
-x-oo-xxo,-1,-1
xxooo-xxo,-1,-1
--xoo-xxo,-1,-1
xoxoo-xxo,-1,-1
o--xo-xxo,-1,1
xo-xo-xxo,-1,1
x-oxo-xxo,-1,1
o---x-xxo,-1,-1
-o--x-xxo,0,-2
-oo-x-xxo,-1,-1
oxo-x-xxo,-1,1
oox-x-xxo,-1,1
---ox-xxo,-1,-1
xo-ox-xxo,-2,-1
ox-ox-xxo,-1,1
xooox-xxo,-1,-1
-xoox-xxo,-1,1
o-xox-xxo,-1,1
-oxox-xxo,-1,1
-----oxxo,-1,-3
x-o--oxxo,-1,1
-xo--oxxo,-1,1
--x--oxxo,0,-2
xox--oxxo,-1,-1
x--o-oxxo,-1,-1
xxoo-oxxo,-1,1
o--x-oxxo,-1,-1
xo-x-oxxo,-1,1
--ox-oxxo,-1,1
oxox-oxxo,-1,1
-oxx-oxxo,-1,-1
-x--ooxxo,-1,-1
--x-ooxxo,-1,-1
xox-ooxxo,1,-1
x--xooxxo,-1,1
-oxxooxxo,1,-1
ox--xoxxo,-1,1
--o-xoxxo,-1,1
o-x-xoxxo,-1,1
-ox-xoxxo,-1,1
-x-oxoxxo,-1,1
--xoxoxxo,-1,1
oo-xxoxxo,1,-1
-o---xxxo,0,-2
oo---xxxo,-1,-1
--o--xxxo,0,-2
o-o--xxxo,-1,-1
-oo--xxxo,-2,-2
xoo--xxxo,-2,-1
---o-xxxo,-2,-3
o--o-xxxo,0,-2
-o-o-xxxo,-2,-2
xo-o-xxxo,-2,-1
--oo-xxxo,-2,-2
x-oo-xxxo,-2,-1
xooo-xxxo,-2,0
-xoo-xxxo,-2,-1
-oxo-xxxo,-2,-1
ooox-xxxo,-1,1
o---oxxxo,-1,1
-o--oxxxo,-2,-2
xo--oxxxo,-2,-1
--o-oxxxo,-2,-2
x-o-oxxxo,-2,-1
xoo-oxxxo,1,-1
---ooxxxo,-2,-2
x--ooxxxo,-2,-1
xo-ooxxxo,-1,-1
x-oooxxxo,-1,-1
-xoooxxxo,-1,-1
xxoooxxxo,-1,0
-oxooxxxo,-1,-1
xoxooxxxo,-1,0
-ooxoxxxo,1,-1
o--oxxxxo,-1,-1
-o-oxxxxo,-2,-1
oo-oxxxxo,1,-1
--ooxxxxo,-2,-1
o-ooxxxxo,1,-1
-oooxxxxo,-1,-1
xoooxxxxo,-1,0
--------x,0,-2
o-------x,2,1
-o------x,2,1
-xo-----x,-2,-1
oxo-----x,0,-2
-ox-----x,-1,1
x--o----x,-2,-1
xo-o----x,0,2
-x-o----x,-2,-1
ox-o----x,0,-2
xxoo----x,0,-2
--xo----x,-1,1
-oxo----x,0,2
xoxo----x,-1,-1
o--x----x,-2,-1
-o-x----x,-2,-1
oo-x----x,0,-2
--ox----x,-2,-1
o-ox----x,-2,-4
xoox----x,-1,-1
oxox----x,-2,-3
ooxx----x,-1,-3
----o---x,0,-1
xo--o---x,-2,-4
ox--o---x,-2,-4
x-o-o---x,0,-2
-xo-o---x,-2,-4
oxx-o---x,-2,-3
x--oo---x,-2,-4
-x-oo---x,-2,-4
xxooo---x,-1,-1
o--xo---x,-2,-4
-o-xo---x,-2,-4
ox-xo---x,-2,-3
--oxo---x,0,-2
oxoxo---x,-2,-2
o-xxo---x,-2,-3
-o--x---x,1,2
oo--x---x,0,-2
o-o-x---x,-2,-4
xoo-x---x,-1,1
oxo-x---x,-2,-3
oox-x---x,-1,-1
---ox---x,1,2
o--ox---x,0,-2
xo-ox---x,-1,1
x-oox---x,-1,1
-xoox---x,-1,-1
-oxox---x,-1,-1
oooxx---x,-1,1
x----o--x,-2,-1
xo---o--x,0,2
-x---o--x,-2,-1
ox---o--x,0,-2
xxo--o--x,0,-2
--x--o--x,-2,-1
o-x--o--x,0,-2
xox--o--x,0,-2
oxx--o--x,0,-2
x--o-o--x,0,2
oxxo-o--x,-1,-1
---x-o--x,-2,-1
o--x-o--x,-2,-4
xo-x-o--x,-1,-1
ox-x-o--x,-2,-3
x-ox-o--x,-1,-1
-xox-o--x,-1,-3
oxox-o--x,0,-2
o-xx-o--x,-2,-3
-oxx-o--x,-2,-3
ooxx-o--x,0,-2
x---oo--x,-2,-4
-x--oo--x,-2,-4
xxo-oo--x,-1,-1
--x-oo--x,-2,-4
xox-oo--x,-1,-1
oxx-oo--x,-2,-2
xx-ooo--x,-1,1
x-xooo--x,-1,1
-xxooo--x,-1,1
---xoo--x,0,-2
x--xoo--x,-2,-3
-x-xoo--x,-2,-3
ox-xoo--x,-2,-2
-xoxoo--x,0,-2
--xxoo--x,-2,-3
o-xxoo--x,-2,-2
-oxxoo--x,-2,-2
oxxxoo--x,-2,-1
----xo--x,1,2
o---xo--x,0,-2
xo--xo--x,-1,1
ox--xo--x,-2,-3
x-o-xo--x,-1,1
-xo-xo--x,-1,-1
o-x-xo--x,-2,-3
-ox-xo--x,-1,-1
x--oxo--x,-1,1
-x-oxo--x,-1,-1
xxooxo--x,-1,1
--xoxo--x,-1,-1
xoxoxo--x,-1,1
o--xxo--x,-2,-3
-o-xxo--x,-2,-3
oo-xxo--x,-2,-2
--oxxo--x,-2,-3
o-oxxo--x,-2,-2
xooxxo--x,-1,1
oxoxxo--x,-2,-1
ooxxxo--x,-2,-1
oo---x--x,0,2
o-o--x--x,-1,-3
-oo--x--x,-1,-1
xoo--x--x,0,-2
oxo--x--x,0,-2
oox--x--x,-1,1
---o-x--x,-2,-1
o--o-x--x,0,2
-o-o-x--x,0,2
xo-o-x--x,-1,-1
--oo-x--x,-2,-2
x-oo-x--x,-2,-3
-xoo-x--x,0,-2
oxoo-x--x,-2,-2
o-xo-x--x,-1,1
-oxo-x--x,-1,1
ooox-x--x,-1,1
ox--ox--x,-2,-3
--o-ox--x,-2,-4
xoo-ox--x,-1,-1
oxo-ox--x,-2,-2
o-x-ox--x,-1,1
-ox-ox--x,-1,1
x--oox--x,-2,-3
-x-oox--x,-2,-3
x-ooox--x,-2,-2
-xooox--x,-2,-2
--xoox--x,-1,1
xoxoox--x,-1,1
oxxoox--x,-1,1
o--xox--x,0,-2
o-oxox--x,-1,-1
-ooxox--x,-1,-1
ooxxox--x,-1,1
ooo-xx--x,-1,1
-o-oxx--x,-1,-1
--ooxx--x,0,-2
o-ooxx--x,-1,-1
xoooxx--x,-1,1
ooxoxx--x,-1,1
------o-x,2,1
x-----o-x,1,2
ox----o-x,-2,-4
-xo---o-x,0,-2
--x---o-x,1,2
xox---o-x,-1,-1
xx-o--o-x,-1,-1
x-xo--o-x,-1,-1
oxxo--o-x,-1,1
o--x--o-x,0,-2
xo-x--o-x,0,-2
ox-x--o-x,-2,-3
--ox--o-x,0,-2
oxox--o-x,0,-2
o-xx--o-x,-2,-3
-oxx--o-x,-2,-3
x---o-o-x,0,-2
-x--o-o-x,0,-2
xxo-o-o-x,-1,1
x-x-o-o-x,-1,-1
-xx-o-o-x,-1,-1
xxxoo-o-x,-1,1
---xo-o-x,-2,-4
xo-xo-o-x,-1,-1
ox-xo-o-x,-2,-2
x-oxo-o-x,-1,1
-xoxo-o-x,-1,1
--xxo-o-x,-2,-3
oxxxo-o-x,-2,-1
o---x-o-x,-2,-4
xo--x-o-x,-1,1
x-o-x-o-x,-1,1
-xo-x-o-x,-1,-1
-ox-x-o-x,-1,-1
x--ox-o-x,-1,1
ox-ox-o-x,-1,1
xxoox-o-x,-1,1
o-xox-o-x,-1,1
xoxox-o-x,-1,1
o--xx-o-x,-2,-3
-o-xx-o-x,-1,-1
--oxx-o-x,-1,-1
xooxx-o-x,-1,1
oxoxx-o-x,-1,-1
ooxxx-o-x,-2,-1
xx---oo-x,-1,-1
--x--oo-x,0,-2
x-x--oo-x,-1,-1
-xx--oo-x,-2,-3
oxx--oo-x,-2,-2
xxxo-oo-x,-1,1
---x-oo-x,-2,-2
x--x-oo-x,-2,-3
-x-x-oo-x,-2,-3
ox-x-oo-x,-2,-2
-xox-oo-x,0,-2
--xx-oo-x,-2,-3
o-xx-oo-x,-2,-2
-oxx-oo-x,-2,-2
xoxx-oo-x,-2,-1
oxxx-oo-x,-2,-1
xxx-ooo-x,-1,1
x--xooo-x,-2,-2
-x-xooo-x,-2,-2
--xxooo-x,-2,-2
x-xxooo-x,-2,-1
xoxxooo-x,-1,-1
-xxxooo-x,-2,-1
oxxxooo-x,-1,-1
x---xoo-x,-1,1
-x--xoo-x,-1,-1
xxo-xoo-x,-1,1
--x-xoo-x,-2,-3
o-x-xoo-x,-2,-2
xox-xoo-x,-1,1
xx-oxoo-x,-1,1
x-xoxoo-x,-1,1
---xxoo-x,-2,-3
o--xxoo-x,-2,-2
xo-xxoo-x,-1,1
ox-xxoo-x,-2,-1
x-oxxoo-x,-1,1
-xoxxoo-x,-1,-1
oxoxxoo-x,1,-1
o-xxxoo-x,-2,-1
-oxxxoo-x,-2,-1
ooxxxoo-x,-1,-1
-----xo-x,1,2
-o---xo-x,0,2
xo---xo-x,-1,-1
--o--xo-x,0,-2
oxo--xo-x,-1,-1
o-x--xo-x,-1,1
-ox--xo-x,-1,1
---o-xo-x,0,2
x--o-xo-x,-1,-1
ox-o-xo-x,-1,1
-xoo-xo-x,-1,-1
--xo-xo-x,-1,1
xoxo-xo-x,-1,1
o--x-xo-x,-1,-1
-o-x-xo-x,-1,-1
ooxx-xo-x,-1,1
x-o-oxo-x,-1,1
-xo-oxo-x,-1,1
--x-oxo-x,-1,1
xox-oxo-x,-1,1
oxx-oxo-x,-1,1
x-xooxo-x,-1,1
-xxooxo-x,-1,1
--oxoxo-x,-1,1
o-xxoxo-x,-1,1
-oxxoxo-x,-1,1
-o--xxo-x,-1,-1
--o-xxo-x,-1,-1
xoo-xxo-x,-1,1
oox-xxo-x,-1,1
o--oxxo-x,-1,1
xo-oxxo-x,-1,1
x-ooxxo-x,-1,1
-oxoxxo-x,-1,1
oo-xxxo-x,-1,1
o-oxxxo-x,-1,1
-ooxxxo-x,-1,1
o-----x-x,1,2
-o----x-x,1,2
--o---x-x,1,2
xoo---x-x,-1,-1
oxo---x-x,-2,-3
oox---x-x,-1,-1
---o--x-x,-1,1
-o-o--x-x,0,2
xo-o--x-x,-1,-1
ox-o--x-x,-1,-3
x-oo--x-x,-1,-1
-xoo--x-x,-2,-3
o-xo--x-x,-1,-1
-oxo--x-x,-1,-1
ooox--x-x,-1,1
ox--o-x-x,-2,-3
x-o-o-x-x,-1,-1
-xo-o-x-x,-2,-3
o-x-o-x-x,-1,-1
o--xo-x-x,-2,-3
--oxo-x-x,-1,-1
xooxo-x-x,-1,1
oxoxo-x-x,-2,-1
ooo-x-x-x,-1,1
o--ox-x-x,-1,-1
-o-ox-x-x,-1,-1
--oox-x-x,-1,-1
xooox-x-x,-1,1
oxoox-x-x,-2,-1
ooxox-x-x,-1,1
-----ox-x,-1,1
-o---ox-x,0,2
xo---ox-x,-1,-1
ox---ox-x,-2,-3
x-o--ox-x,-1,-1
-xo--ox-x,-1,-3
o-x--ox-x,-1,-1
-ox--ox-x,-1,-1
---o-ox-x,0,2
o--x-ox-x,-2,-3
-o-x-ox-x,-1,-1
--ox-ox-x,-1,-1
xoox-ox-x,-1,1
oxox-ox-x,-2,-1
ooxx-ox-x,-1,-1
x--ooox-x,-1,1
-x-ooox-x,-1,1
--xooox-x,-1,1
---xoox-x,-1,-1
xo-xoox-x,-1,1
ox-xoox-x,-2,-1
x-oxoox-x,-1,1
-xoxoox-x,-1,-1
oxoxoox-x,1,-1
o-xxoox-x,-2,-1
ooxxoox-x,1,-1
o---xox-x,-1,-1
-o--xox-x,-1,-1
--o-xox-x,-1,-1
xoo-xox-x,-1,1
oxo-xox-x,-2,-1
oox-xox-x,-1,1
---oxox-x,-1,-1
xo-oxox-x,-1,1
ox-oxox-x,-1,-1
x-ooxox-x,-1,1
-xooxox-x,-1,-1
oxooxox-x,1,-1
o-xoxox-x,-1,1
-oxoxox-x,-1,1
ooo--xx-x,-1,1
o--o-xx-x,-1,-1
-o-o-xx-x,-1,-1
--oo-xx-x,-2,-3
xooo-xx-x,-1,-1
oxoo-xx-x,-2,-1
ooxo-xx-x,-1,1
o---oxx-x,-1,-1
--o-oxx-x,-2,-3
oxo-oxx-x,-2,-1
oox-oxx-x,-1,1
---ooxx-x,-1,-1
ox-ooxx-x,-1,-1
x-oooxx-x,-2,-1
xooooxx-x,1,-1
-xoooxx-x,-2,-1
oxoooxx-x,1,-1
o-xooxx-x,-1,1
-oxooxx-x,-1,1
x------ox,-2,-1
xo-----ox,0,2
-x-----ox,-2,-1
ox-----ox,-2,-2
-xo----ox,-2,-2
xxo----ox,-2,-3
--x----ox,-1,1
-ox----ox,0,2
oxx----ox,-2,-3
x--o---ox,0,2
xx-o---ox,-1,-1
--xo---ox,0,2
x-xo---ox,-1,-1
-xxo---ox,-1,-1
---x---ox,-2,-1
ox-x---ox,-2,-3
x-ox---ox,-1,-1
-xox---ox,-2,-3
oxox---ox,-2,-2
o-xx---ox,-2,-3
x---o--ox,-2,-4
-x--o--ox,0,-2
xx--o--ox,-2,-3
xxo-o--ox,-2,-2
xox-o--ox,-1,1
-xx-o--ox,-1,-1
xxxoo--ox,-1,1
---xo--ox,-2,-4
xo-xo--ox,-1,1
-x-xo--ox,-2,-3
ox-xo--ox,-2,-2
-xoxo--ox,-2,-2
-oxxo--ox,-1,1
oxxxo--ox,-2,-1
----x--ox,1,2
o---x--ox,0,-2
xo--x--ox,-1,1
ox--x--ox,-2,-3
x-o-x--ox,-1,1
-xo-x--ox,-2,-3
oxo-x--ox,-2,-2
o-x-x--ox,-1,-1
-ox-x--ox,-1,-1
x--ox--ox,-1,1
-x-ox--ox,-2,-3
ox-ox--ox,-2,-2
xxoox--ox,-1,1
--xox--ox,-1,-1
xoxox--ox,-1,1
o--xx--ox,-2,-3
-o-xx--ox,-1,-1
--oxx--ox,-1,-1
xooxx--ox,-1,1
oxoxx--ox,-2,-1
ooxxx--ox,-1,-1
x----o-ox,0,2
xx---o-ox,-1,-1
x-x--o-ox,-1,-1
-xx--o-ox,-2,-3
oxx--o-ox,-2,-2
xxxo-o-ox,-1,1
x--x-o-ox,-1,-1
-x-x-o-ox,-2,-3
ox-x-o-ox,-2,-2
-xox-o-ox,0,-2
xxox-o-ox,-1,-1
--xx-o-ox,-2,-3
o-xx-o-ox,-2,-2
-oxx-o-ox,0,-2
oxxx-o-ox,-2,-1
xxx-oo-ox,-1,1
-x-xoo-ox,0,-2
xx-xoo-ox,-1,-1
xxoxoo-ox,1,-1
--xxoo-ox,-2,-2
-xxxoo-ox,-2,-1
oxxxoo-ox,-1,-1
x---xo-ox,-1,1
-x--xo-ox,-2,-3
ox--xo-ox,-2,-2
xxo-xo-ox,-1,1
--x-xo-ox,-1,-1
xox-xo-ox,-1,1
oxx-xo-ox,-2,-1
xx-oxo-ox,-1,1
x-xoxo-ox,-1,1
-xxoxo-ox,-1,-1
---xxo-ox,-2,-3
o--xxo-ox,-2,-2
xo-xxo-ox,-1,1
ox-xxo-ox,-2,-1
x-oxxo-ox,-1,1
-xoxxo-ox,-2,-1
oxoxxo-ox,-1,-1
o-xxxo-ox,-2,-1
-oxxxo-ox,-1,-1
-----x-ox,-1,1
-o---x-ox,0,2
ox---x-ox,-2,-3
x-o--x-ox,0,-2
-xo--x-ox,-2,-3
oxo--x-ox,-2,-2
o-x--x-ox,-1,1
-ox--x-ox,-1,1
---o-x-ox,0,2
x--o-x-ox,-1,-1
-x-o-x-ox,-2,-3
-xoo-x-ox,-2,-2
xxoo-x-ox,-2,-1
--xo-x-ox,-1,1
xoxo-x-ox,-1,1
oxxo-x-ox,-1,1
o--x-x-ox,-1,-1
--ox-x-ox,0,-2
oxox-x-ox,-2,-1
ooxx-x-ox,-1,1
xo--ox-ox,-1,1
-x--ox-ox,-2,-3
x-o-ox-ox,-1,-1
-xo-ox-ox,-2,-2
--x-ox-ox,-1,1
oxx-ox-ox,-1,1
xx-oox-ox,-2,-1
xxooox-ox,-1,-1
x-xoox-ox,-1,1
-xxoox-ox,-1,1
-o-xox-ox,-1,1
ox-xox-ox,-2,-1
--oxox-ox,-1,-1
oxoxox-ox,-1,-1
o-xxox-ox,-1,1
o---xx-ox,-1,-1
-o--xx-ox,-1,-1
--o-xx-ox,-1,-1
xoo-xx-ox,-1,1
oxo-xx-ox,-2,-1
oox-xx-ox,-1,1
---oxx-ox,-1,-1
xo-oxx-ox,-1,1
x-ooxx-ox,-1,1
-xooxx-ox,-2,-1
oxooxx-ox,-1,-1
o-xoxx-ox,-1,1
-oxoxx-ox,-1,1
oo-xxx-ox,-1,1
o-oxxx-ox,-1,1
-ooxxx-ox,-1,1
xx----oox,-1,-1
x-x---oox,-1,-1
-xx---oox,-1,-1
xxxo--oox,-1,1
x--x--oox,0,-2
-x-x--oox,-1,-3
ox-x--oox,0,-2
-xox--oox,0,-2
--xx--oox,-1,-3
oxxx--oox,-2,-1
xxx-o-oox,-1,1
x--xo-oox,-1,-1
-x-xo-oox,0,-2
-xxxo-oox,-1,-1
oxxxo-oox,1,-1
x---x-oox,-1,1
-x--x-oox,-2,-3
ox--x-oox,-2,-2
xxo-x-oox,-1,1
--x-x-oox,-1,-1
xox-x-oox,-1,1
xx-ox-oox,-1,1
x-xox-oox,-1,1
---xx-oox,-1,-1
xo-xx-oox,-1,1
ox-xx-oox,-2,-1
x-oxx-oox,-1,1
-xoxx-oox,-1,-1
oxoxx-oox,1,-1
o-xxx-oox,-2,-1
-oxxx-oox,-1,-1
ooxxx-oox,1,-1
xxx--ooox,-1,1
-x-x-ooox,0,-2
xx-x-ooox,-1,-1
--xx-ooox,0,-2
x-xx-ooox,-1,-1
-xxx-ooox,-2,-1
oxxx-ooox,-2,0
xx-xoooox,1,-1
x-xxoooox,1,-1
-xxxoooox,1,-1
xx--xooox,-1,1
x-x-xooox,-1,1
-xx-xooox,-2,-1
oxx-xooox,-1,-1
x--xxooox,-1,1
-x-xxooox,-2,-1
ox-xxooox,-1,-1
--xxxooox,-2,-1
o-xxxooox,-1,-1
oxxxxooox,-1,0
-----xoox,0,2
x----xoox,-1,-1
-x---xoox,-1,-3
-xo--xoox,0,-2
--x--xoox,-1,1
xox--xoox,-1,1
oxx--xoox,-1,1
xx-o-xoox,-1,-1
x-xo-xoox,-1,1
-xxo-xoox,-1,1
---x-xoox,-1,-1
ox-x-xoox,-1,-1
o-xx-xoox,-1,1
-oxx-xoox,-1,1
x-x-oxoox,-1,1
-xx-oxoox,-1,1
xx-ooxoox,1,-1
ox-xoxoox,1,-1
--xxoxoox,-1,1
----xxoox,-1,-1
xo--xxoox,-1,1
x-o-xxoox,-1,1
-xo-xxoox,-1,-1
oxo-xxoox,1,-1
o-x-xxoox,-1,1
-ox-xxoox,-1,1
x--oxxoox,-1,1
--xoxxoox,-1,1
o--xxxoox,-1,1
-o-xxxoox,-1,1
--oxxxoox,-1,1
o-----xox,0,-2
ox----xox,-2,-3
--o---xox,0,-2
x-o---xox,-1,-1
-xo---xox,-2,-3
oxo---xox,-2,-2
o-x---xox,-1,-1
x--o--xox,0,-2
-x-o--xox,-2,-3
ox-o--xox,0,-2
-xoo--xox,-2,-2
xxoo--xox,-2,-1
--xo--xox,-1,-1
oxxo--xox,-1,-1
o--x--xox,0,-2
oo-x--xox,-1,-1
--ox--xox,-2,-3
o-ox--xox,-2,-2
xoox--xox,-1,1
oxox--xox,-2,-1
----o-xox,-2,-4
xo--o-xox,-1,1
-x--o-xox,-2,-3
ox--o-xox,-2,-2
-xo-o-xox,-2,-2
xxo-o-xox,-2,-1
-ox-o-xox,-1,1
oxx-o-xox,-2,-1
x--oo-xox,-1,-1
-x-oo-xox,-2,-2
xxooo-xox,-1,-1
oxxoo-xox,1,-1
o--xo-xox,-2,-2
-o-xo-xox,-1,1
ox-xo-xox,-2,-1
x-oxo-xox,-1,1
-xoxo-xox,-2,-1
oxoxo-xox,-1,-1
o---x-xox,-2,-3
-o--x-xox,-1,-1
--o-x-xox,-2,-3
o-o-x-xox,-2,-2
xoo-x-xox,-1,1
oxo-x-xox,-2,-1
oox-x-xox,-1,1
---ox-xox,-1,-1
xo-ox-xox,-1,1
ox-ox-xox,-2,-1
x-oox-xox,-1,1
-xoox-xox,-2,-1
oxoox-xox,-1,-1
o-xox-xox,-1,1
-oxox-xox,-1,1
x----oxox,-1,-1
-x---oxox,-2,-3
ox---oxox,-2,-2
-xo--oxox,0,-2
xxo--oxox,-1,-1
--x--oxox,0,-2
oxx--oxox,-2,-1
-x-o-oxox,0,-2
---x-oxox,-2,-3
o--x-oxox,-2,-2
xo-x-oxox,-1,1
ox-x-oxox,-2,-1
x-ox-oxox,-1,1
-xox-oxox,-2,-1
oxox-oxox,-2,0
o-xx-oxox,-2,-1
-x--ooxox,-2,-2
xxo-ooxox,1,-1
--x-ooxox,-1,-1
oxx-ooxox,-1,-1
x--xooxox,-1,1
-x-xooxox,-2,-1
ox-xooxox,-1,-1
-xoxooxox,1,-1
o-xxooxox,-1,-1
oxxxooxox,-1,0
----xoxox,-1,-1
xo--xoxox,-1,1
ox--xoxox,-2,-1
x-o-xoxox,-1,1
-xo-xoxox,-2,-1
oxo-xoxox,-1,-1
o-x-xoxox,-1,1
-ox-xoxox,-1,1
x--oxoxox,-1,1
-x-oxoxox,-1,-1
--xoxoxox,-1,1
o--xxoxox,-2,-1
-o-xxoxox,-1,-1
--oxxoxox,-2,-1
o-oxxoxox,-1,-1
oxoxxoxox,-1,0
o----xxox,-2,-3
--o--xxox,0,-2
o-o--xxox,-2,-2
-oo--xxox,-1,-1
oxo--xxox,-2,-1
oox--xxox,-1,1
---o-xxox,-2,-3
ox-o-xxox,-2,-1
--oo-xxox,-2,-2
x-oo-xxox,-2,-1
-xoo-xxox,-2,-1
oxoo-xxox,-2,0
o-xo-xxox,-1,1
-oxo-xxox,-1,1
ooox-xxox,-1,1
-o--oxxox,-1,1
ox--oxxox,-2,-1
--o-oxxox,-2,-2
-xo-oxxox,-2,-1
oxo-oxxox,-1,-1
o-x-oxxox,-1,1
-x-ooxxox,-2,-1
ox-ooxxox,1,-1
x-oooxxox,-1,-1
-xoooxxox,-1,-1
xxoooxxox,-1,0
--xooxxox,-1,1
o-oxoxxox,-1,-1
oxoxoxxox,-1,0
o--oxxxox,-2,-1
-o-oxxxox,-1,-1
--ooxxxox,-2,-1
o-ooxxxox,-1,-1
oxooxxxox,-1,0
-o-----xx,-2,-1
oo-----xx,0,2
--o----xx,-1,1
-oo----xx,0,2
xoo----xx,-1,-1
oxo----xx,-1,-1
oox----xx,-1,-1
o--o---xx,0,2
-o-o---xx,0,2
xo-o---xx,-1,-1
--oo---xx,0,2
x-oo---xx,-1,-1
-xoo---xx,-1,-1
-oxo---xx,-1,-1
ooox---xx,-1,1
xo--o--xx,-2,-3
ox--o--xx,0,-2
o-x-o--xx,-1,-1
-ox-o--xx,-1,-1
o--xo--xx,-2,-3
-o-xo--xx,-2,-3
ooxxo--xx,-1,-1
ooo-x--xx,-1,1
-o-ox--xx,-1,-1
--oox--xx,-1,-1
xooox--xx,-1,1
oxoox--xx,-1,1
-----o-xx,-1,1
-o---o-xx,0,2
xo---o-xx,-1,-1
ox---o-xx,-1,-1
--o--o-xx,0,2
x-o--o-xx,-1,-1
-xo--o-xx,-1,-1
o-x--o-xx,-2,-3
-ox--o-xx,-2,-3
---o-o-xx,0,2
o--x-o-xx,-2,-3
-o-x-o-xx,-2,-3
--ox-o-xx,-1,-3
xoox-o-xx,-1,-1
oxox-o-xx,-1,-1
ooxx-o-xx,-2,-1
x--ooo-xx,-1,1
-x-ooo-xx,-1,1
--xooo-xx,-1,1
---xoo-xx,-2,-3
xo-xoo-xx,-2,-1
ox-xoo-xx,-2,-1
xooxoo-xx,1,-1
oxoxoo-xx,1,-1
o-xxoo-xx,-2,-1
-oxxoo-xx,-2,-1
ooxxoo-xx,1,-1
o---xo-xx,-1,-1
-o--xo-xx,-1,-1
--o-xo-xx,-1,-1
xoo-xo-xx,-1,1
oxo-xo-xx,-1,1
oox-xo-xx,-2,-1
---oxo-xx,-1,-1
xo-oxo-xx,-1,1
ox-oxo-xx,-1,1
x-ooxo-xx,-1,1
-xooxo-xx,-1,1
-oxoxo-xx,-1,-1
ooo--x-xx,-1,1
-o-o-x-xx,-1,-1
--oo-x-xx,0,-2
xooo-x-xx,-1,-1
ooxo-x-xx,-1,1
o---ox-xx,-1,-1
-o--ox-xx,-1,-1
oox-ox-xx,-1,1
---oox-xx,-1,-1
xo-oox-xx,-1,-1
xoooox-xx,1,-1
oxooox-xx,1,-1
o-xoox-xx,-1,1
-oxoox-xx,-1,1
------oxx,2,1
o-----oxx,-1,-3
-o----oxx,-2,-2
xo----oxx,-2,-3
--o---oxx,0,-2
-ox---oxx,-2,-3
---o--oxx,-1,-1
x--o--oxx,0,-2
ox-o--oxx,-1,1
o-xo--oxx,-1,1
xoxo--oxx,-1,-1
o--x--oxx,0,-2
-o-x--oxx,0,-2
oo-x--oxx,-2,-2
o-ox--oxx,-1,-1
-oox--oxx,-1,-1
ooxx--oxx,-2,-1
----o-oxx,-2,-4
xo--o-oxx,-2,-2
ox--o-oxx,-1,-1
x-o-o-oxx,-1,1
-xo-o-oxx,-1,1
--x-o-oxx,-2,-3
xox-o-oxx,-2,-1
x--oo-oxx,-1,-1
-x-oo-oxx,-1,-1
xoxoo-oxx,1,-1
o--xo-oxx,-2,-2
-o-xo-oxx,-2,-2
--oxo-oxx,-1,1
o-xxo-oxx,-2,-1
-oxxo-oxx,-2,-1
ooxxo-oxx,1,-1
-o--x-oxx,0,-2
oo--x-oxx,-1,-1
--o-x-oxx,-1,-1
xoo-x-oxx,-1,1
oxo-x-oxx,-1,1
o--ox-oxx,-1,1
xo-ox-oxx,-1,1
x-oox-oxx,-1,1
-xoox-oxx,-1,1
x----ooxx,0,-2
-x---ooxx,0,-2
--x--ooxx,0,-2
o-x--ooxx,-2,-2
-ox--ooxx,-2,-2
xox--ooxx,-2,-1
--xo-ooxx,-1,-1
oxxo-ooxx,-1,1
---x-ooxx,-2,-3
o--x-ooxx,-2,-2
-o-x-ooxx,-2,-2
xo-x-ooxx,-2,-1
ox-x-ooxx,-2,-1
--ox-ooxx,0,-2
o-xx-ooxx,-2,-1
-oxx-ooxx,-2,-1
ooxx-ooxx,-2,0
x---oooxx,-1,-1
-x--oooxx,-1,-1
--x-oooxx,-2,-2
xox-oooxx,-1,-1
oxx-oooxx,-1,-1
---xoooxx,-2,-2
xo-xoooxx,-1,-1
ox-xoooxx,-1,-1
--xxoooxx,-2,-1
o-xxoooxx,-1,-1
-oxxoooxx,-1,-1
xoxxoooxx,-1,0
oxxxoooxx,-1,0
----xooxx,-1,-1
xo--xooxx,-1,1
ox--xooxx,-1,1
x-o-xooxx,-1,1
-xo-xooxx,-1,1
-ox-xooxx,-2,-1
oox-xooxx,-1,-1
x--oxooxx,-1,1
-x-oxooxx,-1,1
o--xxooxx,-2,-1
-o-xxooxx,-2,-1
oo-xxooxx,-1,-1
--oxxooxx,-1,-1
o-oxxooxx,1,-1
-ooxxooxx,1,-1
ooxxxooxx,-1,0
-o---xoxx,0,-2
o-o--xoxx,-1,-1
-oo--xoxx,-1,-1
oox--xoxx,-1,1
o--o-xoxx,-1,1
xo-o-xoxx,-1,-1
--oo-xoxx,-1,-1
oxoo-xoxx,-1,1
-oxo-xoxx,-1,1
ooox-xoxx,-1,1
--o-oxoxx,-1,1
o-x-oxoxx,-1,1
-ox-oxoxx,-1,1
xo-ooxoxx,1,-1
--xooxoxx,-1,1
oo-xoxoxx,1,-1
-oooxxoxx,1,-1
oo----xxx,-1,1
o-o---xxx,-1,1
-oo---xxx,-1,1
o--o--xxx,-1,1
-o-o--xxx,-1,1
--oo--xxx,-1,1
xooo--xxx,-1,1
oxoo--xxx,-1,1
ooxo--xxx,-1,1
o---o-xxx,-1,1
-o--o-xxx,-1,1
--o-o-xxx,-1,1
xoo-o-xxx,-1,1
oxo-o-xxx,-1,1
oox-o-xxx,-1,1
---oo-xxx,-1,1
xo-oo-xxx,-1,1
ox-oo-xxx,-1,1
x-ooo-xxx,-1,1
-xooo-xxx,-1,1
o-xoo-xxx,-1,1
-oxoo-xxx,-1,1
oo-xo-xxx,-1,1
o-oxo-xxx,-1,1
-ooxo-xxx,-1,1
oo-ox-xxx,-1,1
o-oox-xxx,-1,1
-ooox-xxx,-1,1
o----oxxx,-1,1
-o---oxxx,-1,1
--o--oxxx,-1,1
xoo--oxxx,-1,1
oxo--oxxx,-1,1
oox--oxxx,-1,1
---o-oxxx,-1,1
xo-o-oxxx,-1,1
ox-o-oxxx,-1,1
x-oo-oxxx,-1,1
-xoo-oxxx,-1,1
o-xo-oxxx,-1,1
-oxo-oxxx,-1,1
oo-x-oxxx,-1,1
o-ox-oxxx,-1,1
-oox-oxxx,-1,1
----ooxxx,-1,1
xo--ooxxx,-1,1
ox--ooxxx,-1,1
x-o-ooxxx,-1,1
-xo-ooxxx,-1,1
o-x-ooxxx,-1,1
-ox-ooxxx,-1,1
o--xooxxx,-1,1
-o-xooxxx,-1,1
--oxooxxx,-1,1
oo--xoxxx,-1,1
o-o-xoxxx,-1,1
-oo-xoxxx,-1,1
o--oxoxxx,-1,1
-o-oxoxxx,-1,1
--ooxoxxx,-1,1
oo-o-xxxx,-1,1
o-oo-xxxx,-1,1
-ooo-xxxx,-1,1
oo--oxxxx,-1,1
o-o-oxxxx,-1,1
-oo-oxxxx,-1,1
o--ooxxxx,-1,1
-o-ooxxxx,-1,1
--oooxxxx,-1,1
