String,Value,Remoteness
---------,Tie,9
x--------,Tie,8
xo-------,Win,5
-x-------,Tie,8
ox-------,Tie,7
x-o------,Win,5
-xo------,Tie,7
xxo------,Win,5
--x------,Tie,8
o-x------,Win,5
-ox------,Win,5
xox------,Tie,6
oxx------,Win,5
x--o-----,Win,5
-x-o-----,Win,5
xx-o-----,Lose,4
xxoo-----,Win,3
--xo-----,Win,5
x-xo-----,Lose,4
xoxo-----,Win,3
-xxo-----,Win,5
oxxo-----,Lose,4
---x-----,Tie,8
o--x-----,Tie,7
-o-x-----,Win,5
xo-x-----,Lose,4
ox-x-----,Tie,6
--ox-----,Win,5
x-ox-----,Lose,4
xoox-----,Win,1
-xox-----,Win,5
oxox-----,Win,3
o-xx-----,Tie,6
-oxx-----,Tie,6
ooxx-----,Win,3
x---o----,Tie,7
-x--o----,Tie,7
xx--o----,Tie,6
xxo-o----,Tie,5
--x-o----,Tie,7
x-x-o----,Tie,6
xox-o----,Tie,5
-xx-o----,Tie,6
oxx-o----,Tie,5
xx-oo----,Win,1
x-xoo----,Win,1
-xxoo----,Win,1
xxxoo----,Lose,0
---xo----,Tie,7
x--xo----,Tie,6
xo-xo----,Win,1
-x-xo----,Tie,6
ox-xo----,Tie,5
x-oxo----,Win,1
-xoxo----,Tie,5
xxoxo----,Win,1
--xxo----,Tie,6
o-xxo----,Tie,5
-oxxo----,Tie,5
xoxxo----,Win,1
oxxxo----,Win,1
----x----,Tie,8
o---x----,Tie,7
-o--x----,Win,5
xo--x----,Lose,4
ox--x----,Tie,6
--o-x----,Tie,7
x-o-x----,Tie,6
xoo-x----,Win,1
-xo-x----,Tie,6
oxo-x----,Win,1
o-x-x----,Tie,6
-ox-x----,Lose,4
oox-x----,Win,1
---ox----,Win,5
x--ox----,Lose,4
xo-ox----,Win,1
-x-ox----,Lose,4
ox-ox----,Win,1
x-oox----,Win,1
-xoox----,Win,1
xxoox----,Lose,2
--xox----,Lose,4
o-xox----,Win,1
-oxox----,Win,1
xoxox----,Lose,2
oxxox----,Win,1
o--xx----,Tie,6
-o-xx----,Lose,4
oo-xx----,Win,1
--oxx----,Tie,6
o-oxx----,Win,1
-ooxx----,Win,1
xooxx----,Lose,2
oxoxx----,Lose,2
ooxxx----,Lose,2
x----o---,Win,5
-x---o---,Win,5
xx---o---,Win,5
xxo--o---,Lose,4
--x--o---,Win,5
x-x--o---,Lose,4
xox--o---,Win,3
-xx--o---,Lose,4
oxx--o---,Win,3
xx-o-o---,Win,1
x-xo-o---,Win,1
-xxo-o---,Win,1
xxxo-o---,Lose,0
---x-o---,Tie,7
x--x-o---,Tie,6
xo-x-o---,Win,1
-x-x-o---,Tie,6
ox-x-o---,Tie,5
x-ox-o---,Win,1
-xox-o---,Win,5
xxox-o---,Win,1
--xx-o---,Tie,6
o-xx-o---,Tie,5
-oxx-o---,Win,3
xoxx-o---,Tie,4
oxxx-o---,Tie,4
xx--oo---,Win,1
x-x-oo---,Win,1
-xx-oo---,Win,1
xxx-oo---,Lose,0
x--xoo---,Win,1
-x-xoo---,Win,3
xx-xoo---,Lose,2
xxoxoo---,Win,1
--xxoo---,Win,3
x-xxoo---,Lose,2
xoxxoo---,Win,1
-xxxoo---,Tie,4
oxxxoo---,Tie,3
----xo---,Win,5
x---xo---,Lose,4
xo--xo---,Win,1
-x--xo---,Lose,4
ox--xo---,Win,1
x-o-xo---,Win,1
-xo-xo---,Win,1
xxo-xo---,Win,1
--x-xo---,Lose,4
o-x-xo---,Win,1
-ox-xo---,Win,1
xox-xo---,Lose,2
oxx-xo---,Lose,2
x--oxo---,Win,1
-x-oxo---,Win,1
xx-oxo---,Lose,2
xxooxo---,Win,1
--xoxo---,Win,1
x-xoxo---,Lose,2
xoxoxo---,Win,1
-xxoxo---,Lose,2
oxxoxo---,Win,1
---xxo---,Tie,6
o--xxo---,Tie,5
-o-xxo---,Win,3
xo-xxo---,Lose,2
ox-xxo---,Tie,4
--oxxo---,Tie,5
x-oxxo---,Win,1
xooxxo---,Win,1
-xoxxo---,Win,1
oxoxxo---,Win,1
o-xxxo---,Tie,4
-oxxxo---,Tie,4
ooxxxo---,Win,1
-----x---,Tie,8
o----x---,Win,5
-o---x---,Win,5
xo---x---,Tie,6
ox---x---,Win,5
--o--x---,Tie,7
x-o--x---,Tie,6
xoo--x---,Win,3
-xo--x---,Tie,6
oxo--x---,Win,3
o-x--x---,Lose,4
-ox--x---,Lose,4
oox--x---,Win,1
---o-x---,Tie,7
x--o-x---,Tie,6
xo-o-x---,Win,3
-x-o-x---,Tie,6
ox-o-x---,Win,5
x-oo-x---,Tie,5
-xoo-x---,Tie,5
xxoo-x---,Tie,4
--xo-x---,Tie,6
o-xo-x---,Win,1
-oxo-x---,Win,1
xoxo-x---,Tie,4
oxxo-x---,Win,1
o--x-x---,Win,5
-o-x-x---,Win,5
oo-x-x---,Win,1
--ox-x---,Win,5
o-ox-x---,Win,1
-oox-x---,Win,1
xoox-x---,Lose,2
oxox-x---,Win,3
ooxx-x---,Lose,2
----ox---,Tie,7
x---ox---,Tie,6
xo--ox---,Tie,5
-x--ox---,Tie,6
ox--ox---,Tie,5
x-o-ox---,Tie,5
-xo-ox---,Tie,5
xxo-ox---,Win,1
--x-ox---,Tie,6
o-x-ox---,Win,1
-ox-ox---,Win,1
xox-ox---,Win,1
oxx-ox---,Win,1
x--oox---,Win,3
-x-oox---,Win,3
xx-oox---,Tie,4
xxooox---,Tie,3
--xoox---,Win,1
x-xoox---,Lose,2
xoxoox---,Win,1
-xxoox---,Lose,2
oxxoox---,Win,1
---xox---,Win,5
o--xox---,Lose,4
-o-xox---,Lose,4
xo-xox---,Win,1
ox-xox---,Win,1
--oxox---,Lose,4
x-oxox---,Win,1
xooxox---,Win,1
-xoxox---,Win,1
oxoxox---,Lose,2
o-xxox---,Win,1
-oxxox---,Win,1
ooxxox---,Win,1
o---xx---,Tie,6
-o--xx---,Lose,4
oo--xx---,Win,1
--o-xx---,Tie,6
o-o-xx---,Win,1
-oo-xx---,Win,1
xoo-xx---,Lose,2
oxo-xx---,Lose,2
oox-xx---,Lose,2
---oxx---,Tie,6
o--oxx---,Tie,5
-o-oxx---,Win,3
xo-oxx---,Tie,4
ox-oxx---,Win,1
--ooxx---,Tie,5
x-ooxx---,Tie,4
xoooxx---,Win,1
-xooxx---,Tie,4
oxooxx---,Win,1
o-xoxx---,Win,1
-oxoxx---,Lose,2
ooxoxx---,Win,1
oo-xxx---,Lose,0
o-oxxx---,Lose,0
-ooxxx---,Lose,0
x-----o--,Win,5
-x----o--,Win,5
xx----o--,Lose,4
xxo---o--,Win,3
--x---o--,Win,5
x-x---o--,Lose,4
xox---o--,Win,3
-xx---o--,Win,5
oxx---o--,Lose,4
xx-o--o--,Win,1
x-xo--o--,Win,1
-xxo--o--,Win,1
xxxo--o--,Lose,0
---x--o--,Tie,7
x--x--o--,Win,5
xo-x--o--,Win,3
-x-x--o--,Win,5
ox-x--o--,Win,3
x-ox--o--,Win,3
-xox--o--,Win,3
xxox--o--,Win,1
--xx--o--,Tie,6
o-xx--o--,Win,3
-oxx--o--,Win,3
xoxx--o--,Win,3
oxxx--o--,Win,3
xx--o-o--,Win,1
x-x-o-o--,Win,1
-xx-o-o--,Win,1
xxx-o-o--,Lose,0
x--xo-o--,Tie,5
-x-xo-o--,Tie,5
xx-xo-o--,Win,1
xxoxo-o--,Lose,0
--xxo-o--,Tie,5
x-xxo-o--,Tie,4
xoxxo-o--,Tie,3
-xxxo-o--,Tie,4
oxxxo-o--,Tie,3
----x-o--,Tie,7
x---x-o--,Tie,6
xo--x-o--,Win,1
-x--x-o--,Tie,6
ox--x-o--,Win,1
x-o-x-o--,Win,1
-xo-x-o--,Win,1
xxo-x-o--,Lose,2
--x-x-o--,Tie,6
o-x-x-o--,Tie,5
-ox-x-o--,Win,3
xox-x-o--,Tie,4
oxx-x-o--,Win,1
x--ox-o--,Win,1
-x-ox-o--,Win,1
xx-ox-o--,Lose,2
xxoox-o--,Win,1
--xox-o--,Win,3
x-xox-o--,Lose,2
xoxox-o--,Win,1
-xxox-o--,Win,1
oxxox-o--,Lose,0
---xx-o--,Tie,6
o--xx-o--,Win,1
-o-xx-o--,Win,1
xo-xx-o--,Lose,2
ox-xx-o--,Lose,2
--oxx-o--,Win,1
x-oxx-o--,Lose,2
xooxx-o--,Win,1
-xoxx-o--,Lose,2
oxoxx-o--,Win,1
o-xxx-o--,Tie,4
-oxxx-o--,Tie,4
ooxxx-o--,Win,1
xx---oo--,Win,1
x-x--oo--,Win,1
-xx--oo--,Win,1
xxx--oo--,Lose,0
x--x-oo--,Tie,5
-x-x-oo--,Tie,5
xx-x-oo--,Win,3
xxox-oo--,Lose,2
--xx-oo--,Tie,5
x-xx-oo--,Tie,4
xoxx-oo--,Tie,3
-xxx-oo--,Tie,4
oxxx-oo--,Tie,3
xx-xooo--,Win,1
x-xxooo--,Win,1
-xxxooo--,Win,1
xxxxooo--,Lose,0
x---xoo--,Win,1
-x--xoo--,Win,1
xx--xoo--,Lose,2
xxo-xoo--,Win,1
--x-xoo--,Win,3
x-x-xoo--,Lose,2
xox-xoo--,Win,1
-xx-xoo--,Lose,2
oxx-xoo--,Win,1
xx-oxoo--,Win,1
x-xoxoo--,Win,1
-xxoxoo--,Win,1
xxxoxoo--,Lose,0
---xxoo--,Tie,5
x--xxoo--,Win,3
xo-xxoo--,Win,1
-x-xxoo--,Tie,4
ox-xxoo--,Win,1
x-oxxoo--,Win,1
-xoxxoo--,Win,1
xxoxxoo--,Win,1
--xxxoo--,Tie,4
o-xxxoo--,Tie,3
-oxxxoo--,Tie,3
xoxxxoo--,Tie,2
oxxxxoo--,Tie,2
-----xo--,Win,5
x----xo--,Tie,6
xo---xo--,Win,3
-x---xo--,Win,5
ox---xo--,Lose,4
x-o--xo--,Win,3
-xo--xo--,Win,3
xxo--xo--,Win,1
--x--xo--,Win,5
o-x--xo--,Win,1
-ox--xo--,Win,1
xox--xo--,Tie,4
oxx--xo--,Win,1
x--o-xo--,Win,3
-x-o-xo--,Win,5
xx-o-xo--,Lose,4
xxoo-xo--,Win,3
--xo-xo--,Win,1
x-xo-xo--,Lose,2
xoxo-xo--,Win,1
-xxo-xo--,Win,1
oxxo-xo--,Lose,0
---x-xo--,Win,5
o--x-xo--,Win,1
-o-x-xo--,Win,1
xo-x-xo--,Win,3
ox-x-xo--,Win,3
--ox-xo--,Win,1
x-ox-xo--,Win,1
xoox-xo--,Win,1
-xox-xo--,Win,1
oxox-xo--,Win,1
o-xx-xo--,Lose,2
-oxx-xo--,Lose,2
ooxx-xo--,Win,1
x---oxo--,Win,3
-x--oxo--,Win,3
xx--oxo--,Win,1
xxo-oxo--,Lose,0
--x-oxo--,Win,1
x-x-oxo--,Lose,2
xox-oxo--,Win,1
-xx-oxo--,Lose,2
oxx-oxo--,Win,1
xx-ooxo--,Win,1
x-xooxo--,Win,1
-xxooxo--,Win,1
xxxooxo--,Lose,0
---xoxo--,Lose,4
x--xoxo--,Win,1
xo-xoxo--,Lose,2
-x-xoxo--,Win,1
ox-xoxo--,Lose,2
x-oxoxo--,Lose,0
-xoxoxo--,Lose,0
--xxoxo--,Win,3
o-xxoxo--,Win,1
-oxxoxo--,Win,1
xoxxoxo--,Win,1
oxxxoxo--,Win,1
----xxo--,Tie,6
o---xxo--,Win,1
-o--xxo--,Win,1
xo--xxo--,Lose,2
ox--xxo--,Win,1
--o-xxo--,Win,1
x-o-xxo--,Lose,2
xoo-xxo--,Win,1
-xo-xxo--,Lose,2
oxo-xxo--,Win,1
o-x-xxo--,Win,1
-ox-xxo--,Lose,2
oox-xxo--,Win,1
---oxxo--,Tie,5
x--oxxo--,Tie,4
xo-oxxo--,Win,1
-x-oxxo--,Win,1
ox-oxxo--,Lose,0
x-ooxxo--,Win,1
-xooxxo--,Win,1
xxooxxo--,Lose,2
--xoxxo--,Win,1
o-xoxxo--,Lose,0
-oxoxxo--,Win,1
xoxoxxo--,Tie,2
o--xxxo--,Lose,0
-o-xxxo--,Lose,0
--oxxxo--,Lose,0
xooxxxo--,Lose,0
oxoxxxo--,Lose,0
ooxxxxo--,Lose,0
------x--,Tie,8
o-----x--,Win,5
-o----x--,Win,5
xo----x--,Lose,4
ox----x--,Tie,6
--o---x--,Win,5
x-o---x--,Lose,4
xoo---x--,Win,1
-xo---x--,Tie,6
oxo---x--,Win,3
o-x---x--,Lose,4
-ox---x--,Tie,6
oox---x--,Win,1
---o--x--,Win,5
x--o--x--,Tie,6
xo-o--x--,Win,3
-x-o--x--,Tie,6
ox-o--x--,Win,3
x-oo--x--,Win,3
-xoo--x--,Win,3
xxoo--x--,Win,3
--xo--x--,Tie,6
o-xo--x--,Win,1
-oxo--x--,Win,1
xoxo--x--,Win,3
oxxo--x--,Win,3
o--x--x--,Win,5
-o-x--x--,Win,5
oo-x--x--,Lose,4
--ox--x--,Win,5
o-ox--x--,Lose,4
-oox--x--,Win,1
xoox--x--,Lose,0
oxox--x--,Win,3
ooxx--x--,Win,3
----o-x--,Tie,7
x---o-x--,Tie,6
xo--o-x--,Win,1
-x--o-x--,Tie,6
ox--o-x--,Tie,5
x-o-o-x--,Win,1
-xo-o-x--,Tie,5
xxo-o-x--,Tie,4
--x-o-x--,Tie,6
o-x-o-x--,Win,3
-ox-o-x--,Tie,5
xox-o-x--,Win,1
oxx-o-x--,Win,1
x--oo-x--,Tie,5
-x-oo-x--,Tie,5
xx-oo-x--,Win,1
xxooo-x--,Tie,3
--xoo-x--,Tie,5
x-xoo-x--,Win,1
xoxoo-x--,Lose,2
-xxoo-x--,Win,1
oxxoo-x--,Lose,2
---xo-x--,Tie,6
o--xo-x--,Tie,5
-o-xo-x--,Win,1
xo-xo-x--,Lose,0
ox-xo-x--,Win,1
--oxo-x--,Win,1
x-oxo-x--,Lose,0
-xoxo-x--,Tie,4
oxoxo-x--,Tie,3
o-xxo-x--,Win,1
-oxxo-x--,Win,1
ooxxo-x--,Lose,2
o---x-x--,Tie,6
-o--x-x--,Lose,4
oo--x-x--,Win,1
--o-x-x--,Tie,6
o-o-x-x--,Tie,5
-oo-x-x--,Win,3
xoo-x-x--,Lose,2
oxo-x-x--,Tie,4
oox-x-x--,Lose,0
---ox-x--,Lose,4
o--ox-x--,Win,1
-o-ox-x--,Win,1
xo-ox-x--,Lose,2
ox-ox-x--,Lose,2
--oox-x--,Win,3
x-oox-x--,Tie,4
xooox-x--,Win,1
-xoox-x--,Tie,4
oxoox-x--,Win,1
o-xox-x--,Lose,0
-oxox-x--,Lose,0
oo-xx-x--,Win,1
o-oxx-x--,Win,1
-ooxx-x--,Win,1
oooxx-x--,Lose,0
-----ox--,Win,5
x----ox--,Lose,4
xo---ox--,Win,1
-x---ox--,Tie,6
ox---ox--,Win,3
x-o--ox--,Win,1
-xo--ox--,Win,5
xxo--ox--,Win,1
--x--ox--,Tie,6
o-x--ox--,Win,1
-ox--ox--,Win,1
xox--ox--,Lose,2
oxx--ox--,Win,3
x--o-ox--,Win,3
-x-o-ox--,Win,3
xx-o-ox--,Win,1
xxoo-ox--,Lose,2
--xo-ox--,Win,1
x-xo-ox--,Win,1
xoxo-ox--,Win,1
-xxo-ox--,Win,1
oxxo-ox--,Win,1
---x-ox--,Tie,6
o--x-ox--,Tie,5
-o-x-ox--,Win,1
xo-x-ox--,Lose,0
ox-x-ox--,Win,3
--ox-ox--,Win,1
x-ox-ox--,Lose,0
-xox-ox--,Win,1
oxox-ox--,Tie,3
o-xx-ox--,Tie,4
-oxx-ox--,Lose,2
ooxx-ox--,Win,1
x---oox--,Win,1
-x--oox--,Tie,5
xx--oox--,Win,1
xxo-oox--,Win,1
--x-oox--,Tie,5
x-x-oox--,Win,1
xox-oox--,Win,1
-xx-oox--,Win,1
oxx-oox--,Lose,2
xx-ooox--,Lose,0
x-xooox--,Lose,0
-xxooox--,Lose,0
---xoox--,Win,1
x--xoox--,Lose,0
-x-xoox--,Tie,4
ox-xoox--,Tie,3
-xoxoox--,Win,1
xxoxoox--,Lose,0
--xxoox--,Tie,4
o-xxoox--,Tie,3
-oxxoox--,Win,1
xoxxoox--,Lose,0
oxxxoox--,Win,1
----xox--,Lose,4
o---xox--,Win,1
-o--xox--,Win,1
xo--xox--,Lose,2
ox--xox--,Lose,2
--o-xox--,Win,3
x-o-xox--,Win,1
xoo-xox--,Win,1
-xo-xox--,Win,1
oxo-xox--,Win,1
o-x-xox--,Lose,0
-ox-xox--,Lose,0
---oxox--,Win,1
x--oxox--,Lose,2
xo-oxox--,Win,1
-x-oxox--,Lose,2
ox-oxox--,Win,1
x-ooxox--,Win,1
-xooxox--,Win,1
xxooxox--,Win,1
--xoxox--,Lose,0
xoxoxox--,Lose,0
oxxoxox--,Lose,0
o--xxox--,Win,3
-o-xxox--,Lose,2
oo-xxox--,Win,1
--oxxox--,Win,1
o-oxxox--,Lose,2
-ooxxox--,Win,1
xooxxox--,Lose,0
oxoxxox--,Win,1
ooxxxox--,Lose,0
o----xx--,Tie,6
-o---xx--,Tie,6
oo---xx--,Win,3
--o--xx--,Tie,6
o-o--xx--,Tie,5
-oo--xx--,Win,5
xoo--xx--,Lose,4
oxo--xx--,Tie,4
oox--xx--,Lose,2
---o-xx--,Tie,6
o--o-xx--,Win,3
-o-o-xx--,Win,3
xo-o-xx--,Tie,4
ox-o-xx--,Lose,4
--oo-xx--,Tie,5
x-oo-xx--,Tie,4
xooo-xx--,Win,3
-xoo-xx--,Tie,4
oxoo-xx--,Win,3
o-xo-xx--,Lose,2
-oxo-xx--,Lose,2
ooxo-xx--,Win,1
oo-x-xx--,Win,1
o-ox-xx--,Win,1
-oox-xx--,Win,1
ooox-xx--,Lose,0
----oxx--,Tie,6
o---oxx--,Win,3
-o--oxx--,Tie,5
xo--oxx--,Win,1
ox--oxx--,Win,1
--o-oxx--,Tie,5
x-o-oxx--,Tie,4
xoo-oxx--,Win,1
-xo-oxx--,Tie,4
oxo-oxx--,Tie,3
o-x-oxx--,Win,1
-ox-oxx--,Win,1
oox-oxx--,Win,1
---ooxx--,Win,3
x--ooxx--,Tie,4
xo-ooxx--,Tie,3
-x-ooxx--,Tie,4
ox-ooxx--,Win,3
x-oooxx--,Tie,3
-xoooxx--,Tie,3
xxoooxx--,Tie,2
--xooxx--,Tie,4
o-xooxx--,Win,1
-oxooxx--,Win,1
xoxooxx--,Win,1
oxxooxx--,Win,1
o--xoxx--,Win,1
-o-xoxx--,Win,1
oo-xoxx--,Lose,2
--oxoxx--,Win,3
o-oxoxx--,Lose,2
-ooxoxx--,Win,1
xooxoxx--,Lose,0
oxoxoxx--,Win,1
ooxxoxx--,Win,1
oo--xxx--,Win,1
o-o-xxx--,Win,1
-oo-xxx--,Win,1
ooo-xxx--,Lose,0
o--oxxx--,Tie,4
-o-oxxx--,Tie,4
oo-oxxx--,Win,1
--ooxxx--,Tie,4
o-ooxxx--,Tie,3
-oooxxx--,Tie,3
xoooxxx--,Tie,2
oxooxxx--,Tie,2
ooxoxxx--,Lose,0
x------o-,Win,5
-x-----o-,Tie,7
xx-----o-,Tie,6
xxo----o-,Tie,5
--x----o-,Win,5
x-x----o-,Lose,4
xox----o-,Win,3
-xx----o-,Tie,6
oxx----o-,Tie,5
xx-o---o-,Win,1
x-xo---o-,Win,1
-xxo---o-,Win,1
xxxo---o-,Lose,0
---x---o-,Win,5
x--x---o-,Win,5
xo-x---o-,Win,1
-x-x---o-,Tie,6
ox-x---o-,Tie,5
x-ox---o-,Win,1
-xox---o-,Tie,5
xxox---o-,Win,3
--xx---o-,Tie,6
o-xx---o-,Win,3
-oxx---o-,Win,3
xoxx---o-,Win,1
oxxx---o-,Win,3
xx--o--o-,Win,1
x-x-o--o-,Win,1
-xx-o--o-,Win,1
xxx-o--o-,Lose,0
x--xo--o-,Win,1
-x-xo--o-,Win,3
xx-xo--o-,Lose,2
xxoxo--o-,Win,1
--xxo--o-,Tie,5
x-xxo--o-,Win,1
xoxxo--o-,Lose,0
-xxxo--o-,Tie,4
oxxxo--o-,Tie,3
----x--o-,Win,5
x---x--o-,Lose,4
xo--x--o-,Win,1
-x--x--o-,Tie,6
ox--x--o-,Tie,5
x-o-x--o-,Win,1
-xo-x--o-,Tie,5
xxo-x--o-,Win,3
--x-x--o-,Lose,4
o-x-x--o-,Win,1
-ox-x--o-,Win,1
xox-x--o-,Lose,2
oxx-x--o-,Win,3
x--ox--o-,Win,1
-x-ox--o-,Win,3
xx-ox--o-,Lose,2
xxoox--o-,Win,1
--xox--o-,Win,1
x-xox--o-,Lose,2
xoxox--o-,Win,1
-xxox--o-,Lose,2
oxxox--o-,Win,1
---xx--o-,Lose,4
o--xx--o-,Win,1
-o-xx--o-,Win,1
xo-xx--o-,Lose,2
ox-xx--o-,Tie,4
--oxx--o-,Win,1
x-oxx--o-,Lose,2
xooxx--o-,Win,1
-xoxx--o-,Tie,4
oxoxx--o-,Win,1
o-xxx--o-,Lose,2
-oxxx--o-,Lose,2
ooxxx--o-,Win,1
xx---o-o-,Win,1
x-x--o-o-,Win,1
-xx--o-o-,Win,1
xxx--o-o-,Lose,0
x--x-o-o-,Win,1
-x-x-o-o-,Win,3
xx-x-o-o-,Lose,2
xxox-o-o-,Win,1
--xx-o-o-,Win,3
x-xx-o-o-,Lose,2
xoxx-o-o-,Win,1
-xxx-o-o-,Tie,4
oxxx-o-o-,Tie,3
xx-xoo-o-,Win,1
x-xxoo-o-,Win,1
-xxxoo-o-,Win,1
xxxxoo-o-,Lose,0
x---xo-o-,Win,1
-x--xo-o-,Win,3
xx--xo-o-,Lose,2
xxo-xo-o-,Win,1
--x-xo-o-,Win,1
x-x-xo-o-,Lose,2
xox-xo-o-,Win,1
-xx-xo-o-,Lose,2
oxx-xo-o-,Win,1
xx-oxo-o-,Win,1
x-xoxo-o-,Win,1
-xxoxo-o-,Win,1
xxxoxo-o-,Lose,0
---xxo-o-,Win,3
x--xxo-o-,Lose,2
xo-xxo-o-,Win,1
-x-xxo-o-,Win,3
ox-xxo-o-,Tie,3
x-oxxo-o-,Win,1
-xoxxo-o-,Tie,3
xxoxxo-o-,Win,1
--xxxo-o-,Tie,4
o-xxxo-o-,Win,1
-oxxxo-o-,Win,1
xoxxxo-o-,Lose,2
oxxxxo-o-,Tie,2
-----x-o-,Win,5
x----x-o-,Tie,6
xo---x-o-,Win,3
-x---x-o-,Tie,6
ox---x-o-,Tie,5
x-o--x-o-,Win,3
-xo--x-o-,Tie,5
xxo--x-o-,Win,3
--x--x-o-,Win,5
o-x--x-o-,Win,1
-ox--x-o-,Win,1
xox--x-o-,Win,1
oxx--x-o-,Win,3
x--o-x-o-,Win,3
-x-o-x-o-,Win,3
xx-o-x-o-,Tie,4
xxoo-x-o-,Tie,3
--xo-x-o-,Win,1
x-xo-x-o-,Lose,2
xoxo-x-o-,Win,1
-xxo-x-o-,Lose,2
oxxo-x-o-,Win,1
---x-x-o-,Win,5
o--x-x-o-,Win,1
-o-x-x-o-,Win,1
xo-x-x-o-,Win,1
ox-x-x-o-,Tie,4
--ox-x-o-,Win,1
x-ox-x-o-,Lose,2
xoox-x-o-,Win,1
-xox-x-o-,Tie,4
oxox-x-o-,Win,1
o-xx-x-o-,Lose,2
-oxx-x-o-,Win,1
ooxx-x-o-,Win,1
x---ox-o-,Tie,5
-x--ox-o-,Win,3
xx--ox-o-,Tie,4
xxo-ox-o-,Tie,3
--x-ox-o-,Win,1
x-x-ox-o-,Win,1
xox-ox-o-,Lose,0
-xx-ox-o-,Lose,2
oxx-ox-o-,Win,1
xx-oox-o-,Win,1
x-xoox-o-,Win,1
-xxoox-o-,Win,1
xxxoox-o-,Lose,0
---xox-o-,Lose,4
x--xox-o-,Win,1
xo-xox-o-,Lose,0
-x-xox-o-,Win,3
ox-xox-o-,Tie,3
x-oxox-o-,Win,1
-xoxox-o-,Tie,3
xxoxox-o-,Win,1
--xxox-o-,Win,1
o-xxox-o-,Win,1
-oxxox-o-,Lose,0
oxxxox-o-,Win,1
----xx-o-,Lose,4
o---xx-o-,Win,1
-o--xx-o-,Win,1
xo--xx-o-,Lose,2
ox--xx-o-,Tie,4
--o-xx-o-,Win,1
x-o-xx-o-,Lose,2
xoo-xx-o-,Win,1
-xo-xx-o-,Tie,4
oxo-xx-o-,Win,1
o-x-xx-o-,Lose,2
-ox-xx-o-,Lose,2
oox-xx-o-,Win,1
---oxx-o-,Win,3
x--oxx-o-,Tie,4
xo-oxx-o-,Win,1
-x-oxx-o-,Win,3
ox-oxx-o-,Tie,3
x-ooxx-o-,Win,1
-xooxx-o-,Tie,3
xxooxx-o-,Tie,2
--xoxx-o-,Lose,2
o-xoxx-o-,Win,1
-oxoxx-o-,Win,1
xoxoxx-o-,Lose,2
oxxoxx-o-,Win,1
o--xxx-o-,Lose,0
-o-xxx-o-,Lose,0
--oxxx-o-,Lose,0
xooxxx-o-,Lose,0
oxoxxx-o-,Lose,0
ooxxxx-o-,Lose,0
xx----oo-,Win,1
x-x---oo-,Win,1
-xx---oo-,Win,1
xxx---oo-,Lose,0
x--x--oo-,Lose,4
-x-x--oo-,Win,5
xx-x--oo-,Win,1
xxox--oo-,Lose,2
--xx--oo-,Win,5
x-xx--oo-,Win,1
xoxx--oo-,Lose,2
-xxx--oo-,Win,1
oxxx--oo-,Tie,3
xx-xo-oo-,Win,1
x-xxo-oo-,Win,1
-xxxo-oo-,Win,1
xxxxo-oo-,Lose,0
x---x-oo-,Win,1
-x--x-oo-,Tie,5
xx--x-oo-,Win,1
xxo-x-oo-,Win,1
--x-x-oo-,Win,3
x-x-x-oo-,Win,1
xox-x-oo-,Win,1
-xx-x-oo-,Win,1
oxx-x-oo-,Lose,2
xx-ox-oo-,Win,1
x-xox-oo-,Win,1
-xxox-oo-,Win,1
xxxox-oo-,Lose,0
---xx-oo-,Win,1
x--xx-oo-,Win,1
xo-xx-oo-,Win,1
-x-xx-oo-,Win,1
ox-xx-oo-,Win,1
x-oxx-oo-,Win,1
-xoxx-oo-,Win,1
xxoxx-oo-,Win,1
--xxx-oo-,Win,1
o-xxx-oo-,Win,1
-oxxx-oo-,Win,1
xoxxx-oo-,Win,1
oxxxx-oo-,Win,1
xx-x-ooo-,Win,1
x-xx-ooo-,Win,1
-xxx-ooo-,Win,1
xxxx-ooo-,Lose,0
xx--xooo-,Win,1
x-x-xooo-,Win,1
-xx-xooo-,Win,1
xxx-xooo-,Lose,0
x--xxooo-,Win,1
-x-xxooo-,Tie,3
xx-xxooo-,Win,1
xxoxxooo-,Win,1
--xxxooo-,Tie,3
x-xxxooo-,Win,1
xoxxxooo-,Win,1
-xxxxooo-,Win,1
oxxxxooo-,Tie,1
x----xoo-,Win,3
-x---xoo-,Win,5
xx---xoo-,Win,1
xxo--xoo-,Lose,2
--x--xoo-,Win,1
x-x--xoo-,Win,1
xox--xoo-,Win,1
-xx--xoo-,Win,1
oxx--xoo-,Win,1
xx-o-xoo-,Win,1
x-xo-xoo-,Win,1
-xxo-xoo-,Win,1
xxxo-xoo-,Lose,0
---x-xoo-,Win,1
x--x-xoo-,Win,1
xo-x-xoo-,Win,1
-x-x-xoo-,Win,1
ox-x-xoo-,Win,1
x-ox-xoo-,Win,1
-xox-xoo-,Win,1
xxox-xoo-,Win,1
--xx-xoo-,Win,1
o-xx-xoo-,Win,1
-oxx-xoo-,Win,1
xoxx-xoo-,Win,1
oxxx-xoo-,Win,1
xx--oxoo-,Win,1
x-x-oxoo-,Win,1
-xx-oxoo-,Win,1
xxx-oxoo-,Lose,0
x--xoxoo-,Lose,2
-x-xoxoo-,Lose,2
xx-xoxoo-,Win,1
xxoxoxoo-,Lose,0
--xxoxoo-,Win,1
x-xxoxoo-,Win,1
xoxxoxoo-,Lose,0
-xxxoxoo-,Win,1
oxxxoxoo-,Win,1
----xxoo-,Win,1
x---xxoo-,Win,1
xo--xxoo-,Win,1
-x--xxoo-,Win,1
ox--xxoo-,Win,1
x-o-xxoo-,Win,1
-xo-xxoo-,Win,1
xxo-xxoo-,Win,1
--x-xxoo-,Win,1
o-x-xxoo-,Win,1
-ox-xxoo-,Win,1
xox-xxoo-,Win,1
oxx-xxoo-,Win,1
x--oxxoo-,Win,1
-x-oxxoo-,Lose,2
xx-oxxoo-,Win,1
xxooxxoo-,Win,1
--xoxxoo-,Win,1
x-xoxxoo-,Win,1
xoxoxxoo-,Win,1
-xxoxxoo-,Win,1
oxxoxxoo-,Lose,0
---xxxoo-,Lose,0
xo-xxxoo-,Lose,0
ox-xxxoo-,Lose,0
x-oxxxoo-,Lose,0
-xoxxxoo-,Lose,0
o-xxxxoo-,Lose,0
-oxxxxoo-,Lose,0
------xo-,Win,5
x-----xo-,Lose,4
xo----xo-,Win,1
-x----xo-,Tie,6
ox----xo-,Tie,5
x-o---xo-,Win,1
-xo---xo-,Tie,5
xxo---xo-,Tie,4
--x---xo-,Tie,6
o-x---xo-,Win,1
-ox---xo-,Win,1
xox---xo-,Win,1
oxx---xo-,Tie,4
x--o--xo-,Win,3
-x-o--xo-,Win,3
xx-o--xo-,Tie,4
xxoo--xo-,Tie,3
--xo--xo-,Win,1
x-xo--xo-,Lose,2
xoxo--xo-,Win,1
-xxo--xo-,Lose,2
oxxo--xo-,Win,1
---x--xo-,Lose,4
o--x--xo-,Win,3
-o-x--xo-,Win,1
xo-x--xo-,Lose,0
ox-x--xo-,Tie,4
--ox--xo-,Win,1
x-ox--xo-,Lose,0
-xox--xo-,Tie,4
oxox--xo-,Tie,3
o-xx--xo-,Win,3
-oxx--xo-,Win,1
ooxx--xo-,Win,1
x---o-xo-,Win,1
-x--o-xo-,Win,3
xx--o-xo-,Lose,2
xxo-o-xo-,Win,1
--x-o-xo-,Tie,5
x-x-o-xo-,Win,1
xox-o-xo-,Lose,0
-xx-o-xo-,Tie,4
oxx-o-xo-,Tie,3
xx-oo-xo-,Win,1
x-xoo-xo-,Win,1
-xxoo-xo-,Win,1
xxxoo-xo-,Lose,0
---xo-xo-,Win,1
x--xo-xo-,Lose,0
-x-xo-xo-,Tie,4
ox-xo-xo-,Tie,3
-xoxo-xo-,Win,1
xxoxo-xo-,Lose,0
--xxo-xo-,Win,1
o-xxo-xo-,Lose,2
-oxxo-xo-,Lose,0
oxxxo-xo-,Win,1
----x-xo-,Lose,4
o---x-xo-,Win,1
-o--x-xo-,Win,1
xo--x-xo-,Lose,2
ox--x-xo-,Tie,4
--o-x-xo-,Win,3
x-o-x-xo-,Lose,2
xoo-x-xo-,Win,1
-xo-x-xo-,Tie,4
oxo-x-xo-,Tie,3
o-x-x-xo-,Lose,0
-ox-x-xo-,Lose,0
---ox-xo-,Win,1
x--ox-xo-,Lose,2
xo-ox-xo-,Win,1
-x-ox-xo-,Tie,4
ox-ox-xo-,Win,1
x-oox-xo-,Win,1
-xoox-xo-,Tie,3
xxoox-xo-,Tie,2
--xox-xo-,Lose,0
xoxox-xo-,Lose,0
oxxox-xo-,Lose,0
o--xx-xo-,Lose,2
-o-xx-xo-,Lose,2
oo-xx-xo-,Win,1
--oxx-xo-,Lose,2
o-oxx-xo-,Win,1
-ooxx-xo-,Win,1
xooxx-xo-,Lose,0
oxoxx-xo-,Tie,2
ooxxx-xo-,Lose,0
x----oxo-,Win,1
-x---oxo-,Win,3
xx---oxo-,Lose,2
xxo--oxo-,Win,1
--x--oxo-,Win,1
x-x--oxo-,Lose,2
xox--oxo-,Win,1
-xx--oxo-,Lose,2
oxx--oxo-,Win,1
xx-o-oxo-,Win,1
x-xo-oxo-,Win,1
-xxo-oxo-,Win,1
xxxo-oxo-,Lose,0
---x-oxo-,Win,1
x--x-oxo-,Lose,0
-x-x-oxo-,Tie,4
ox-x-oxo-,Tie,3
-xox-oxo-,Win,1
xxox-oxo-,Lose,0
--xx-oxo-,Lose,2
o-xx-oxo-,Win,1
-oxx-oxo-,Win,1
xoxx-oxo-,Lose,0
oxxx-oxo-,Tie,2
xx--ooxo-,Win,1
x-x-ooxo-,Win,1
-xx-ooxo-,Win,1
xxx-ooxo-,Lose,0
-x-xooxo-,Win,1
xx-xooxo-,Lose,0
--xxooxo-,Win,1
x-xxooxo-,Lose,0
-xxxooxo-,Tie,2
oxxxooxo-,Tie,1
----xoxo-,Win,1
x---xoxo-,Lose,2
xo--xoxo-,Win,1
-x--xoxo-,Tie,4
ox--xoxo-,Win,1
x-o-xoxo-,Win,1
-xo-xoxo-,Tie,3
xxo-xoxo-,Win,1
--x-xoxo-,Lose,0
xox-xoxo-,Lose,0
oxx-xoxo-,Lose,0
x--oxoxo-,Win,1
-x-oxoxo-,Win,1
xx-oxoxo-,Lose,2
xxooxoxo-,Win,1
x-xoxoxo-,Lose,0
-xxoxoxo-,Lose,0
---xxoxo-,Lose,2
o--xxoxo-,Win,1
-o-xxoxo-,Win,1
xo-xxoxo-,Lose,0
ox-xxoxo-,Tie,2
--oxxoxo-,Win,1
x-oxxoxo-,Lose,0
-xoxxoxo-,Win,1
oxoxxoxo-,Tie,1
o-xxxoxo-,Lose,0
-oxxxoxo-,Lose,0
-----xxo-,Tie,6
o----xxo-,Win,3
-o---xxo-,Win,3
xo---xxo-,Win,1
ox---xxo-,Tie,4
--o--xxo-,Win,3
x-o--xxo-,Tie,4
xoo--xxo-,Win,1
-xo--xxo-,Tie,4
oxo--xxo-,Tie,3
o-x--xxo-,Lose,2
-ox--xxo-,Win,1
oox--xxo-,Win,1
---o-xxo-,Win,3
x--o-xxo-,Tie,4
xo-o-xxo-,Win,3
-x-o-xxo-,Tie,4
ox-o-xxo-,Win,3
x-oo-xxo-,Tie,3
-xoo-xxo-,Tie,3
xxoo-xxo-,Tie,2
--xo-xxo-,Lose,2
o-xo-xxo-,Win,1
-oxo-xxo-,Win,1
xoxo-xxo-,Win,1
oxxo-xxo-,Lose,2
o--x-xxo-,Win,3
-o-x-xxo-,Win,1
oo-x-xxo-,Win,1
--ox-xxo-,Lose,2
o-ox-xxo-,Win,1
-oox-xxo-,Win,1
xoox-xxo-,Lose,0
oxox-xxo-,Tie,2
ooxx-xxo-,Win,1
----oxxo-,Tie,5
x---oxxo-,Win,1
xo--oxxo-,Lose,0
-x--oxxo-,Tie,4
ox--oxxo-,Tie,3
x-o-oxxo-,Win,1
-xo-oxxo-,Tie,3
xxo-oxxo-,Tie,2
--x-oxxo-,Win,1
o-x-oxxo-,Win,1
-ox-oxxo-,Lose,0
oxx-oxxo-,Win,1
x--ooxxo-,Tie,3
-x-ooxxo-,Win,3
xx-ooxxo-,Tie,2
xxoooxxo-,Tie,1
--xooxxo-,Win,1
x-xooxxo-,Win,1
xoxooxxo-,Lose,0
-xxooxxo-,Lose,2
oxxooxxo-,Win,1
---xoxxo-,Win,1
o--xoxxo-,Lose,2
-o-xoxxo-,Lose,0
ox-xoxxo-,Win,1
--oxoxxo-,Win,1
x-oxoxxo-,Lose,0
-xoxoxxo-,Tie,2
oxoxoxxo-,Tie,1
o-xxoxxo-,Win,1
ooxxoxxo-,Lose,0
o---xxxo-,Lose,2
-o--xxxo-,Lose,2
oo--xxxo-,Win,1
--o-xxxo-,Tie,4
o-o-xxxo-,Win,1
-oo-xxxo-,Win,1
xoo-xxxo-,Lose,2
oxo-xxxo-,Tie,2
oox-xxxo-,Lose,0
---oxxxo-,Tie,4
o--oxxxo-,Win,1
-o-oxxxo-,Win,1
xo-oxxxo-,Lose,2
ox-oxxxo-,Tie,2
--ooxxxo-,Tie,3
x-ooxxxo-,Tie,2
xoooxxxo-,Win,1
-xooxxxo-,Tie,2
oxooxxxo-,Tie,1
o-xoxxxo-,Lose,0
-oxoxxxo-,Lose,0
oo-xxxxo-,Lose,0
o-oxxxxo-,Lose,0
-ooxxxxo-,Lose,0
-------x-,Tie,8
o------x-,Win,5
-o-----x-,Tie,7
xo-----x-,Tie,6
ox-----x-,Win,5
--o----x-,Win,5
x-o----x-,Tie,6
xoo----x-,Win,3
-xo----x-,Win,5
oxo----x-,Win,1
o-x----x-,Tie,6
-ox----x-,Tie,6
oox----x-,Win,3
---o---x-,Win,5
x--o---x-,Tie,6
xo-o---x-,Win,3
-x-o---x-,Win,5
ox-o---x-,Win,1
x-oo---x-,Win,3
-xoo---x-,Win,1
xxoo---x-,Win,3
--xo---x-,Tie,6
o-xo---x-,Win,3
-oxo---x-,Win,3
xoxo---x-,Tie,4
oxxo---x-,Win,1
o--x---x-,Win,5
-o-x---x-,Tie,6
oo-x---x-,Win,5
--ox---x-,Win,5
o-ox---x-,Lose,4
-oox---x-,Win,5
xoox---x-,Lose,4
oxox---x-,Win,3
ooxx---x-,Lose,4
----o--x-,Tie,7
x---o--x-,Tie,6
xo--o--x-,Win,3
-x--o--x-,Win,5
ox--o--x-,Lose,4
x-o-o--x-,Win,3
-xo-o--x-,Lose,4
xxo-o--x-,Win,1
--x-o--x-,Tie,6
o-x-o--x-,Win,3
-ox-o--x-,Win,3
xox-o--x-,Tie,4
oxx-o--x-,Win,1
x--oo--x-,Tie,5
-x-oo--x-,Lose,4
xx-oo--x-,Win,1
xxooo--x-,Lose,2
--xoo--x-,Tie,5
x-xoo--x-,Win,1
xoxoo--x-,Tie,3
-xxoo--x-,Win,1
oxxoo--x-,Lose,2
---xo--x-,Tie,6
o--xo--x-,Tie,5
-o-xo--x-,Win,3
xo-xo--x-,Tie,4
ox-xo--x-,Win,1
--oxo--x-,Win,3
x-oxo--x-,Win,1
xooxo--x-,Win,1
-xoxo--x-,Win,1
oxoxo--x-,Lose,2
o-xxo--x-,Win,1
-oxxo--x-,Tie,4
ooxxo--x-,Win,3
o---x--x-,Tie,6
-o--x--x-,Tie,6
oo--x--x-,Tie,5
--o-x--x-,Tie,6
o-o-x--x-,Win,1
-oo-x--x-,Tie,5
xoo-x--x-,Tie,4
oxo-x--x-,Lose,0
oox-x--x-,Tie,4
---ox--x-,Lose,4
o--ox--x-,Win,1
-o-ox--x-,Win,3
xo-ox--x-,Tie,4
ox-ox--x-,Lose,0
--oox--x-,Win,1
x-oox--x-,Lose,2
xooox--x-,Win,1
-xoox--x-,Lose,0
o-xox--x-,Win,1
-oxox--x-,Tie,4
ooxox--x-,Win,1
oo-xx--x-,Win,1
o-oxx--x-,Win,1
-ooxx--x-,Win,1
oooxx--x-,Lose,0
-----o-x-,Win,5
x----o-x-,Tie,6
xo---o-x-,Win,3
-x---o-x-,Win,5
ox---o-x-,Win,1
x-o--o-x-,Win,3
-xo--o-x-,Win,1
xxo--o-x-,Win,1
--x--o-x-,Tie,6
o-x--o-x-,Win,3
-ox--o-x-,Win,3
xox--o-x-,Tie,4
oxx--o-x-,Win,3
x--o-o-x-,Win,3
-x-o-o-x-,Win,1
xx-o-o-x-,Win,1
xxoo-o-x-,Win,1
--xo-o-x-,Win,3
x-xo-o-x-,Win,1
xoxo-o-x-,Win,3
-xxo-o-x-,Win,1
oxxo-o-x-,Win,1
---x-o-x-,Tie,6
o--x-o-x-,Tie,5
-o-x-o-x-,Win,3
xo-x-o-x-,Tie,4
ox-x-o-x-,Tie,4
--ox-o-x-,Win,5
x-ox-o-x-,Win,1
xoox-o-x-,Win,1
-xox-o-x-,Win,1
oxox-o-x-,Win,1
o-xx-o-x-,Tie,4
-oxx-o-x-,Tie,4
ooxx-o-x-,Win,3
x---oo-x-,Tie,5
-x--oo-x-,Lose,4
xx--oo-x-,Win,1
xxo-oo-x-,Lose,2
--x-oo-x-,Tie,5
x-x-oo-x-,Win,1
xox-oo-x-,Tie,3
-xx-oo-x-,Win,1
oxx-oo-x-,Lose,2
xx-ooo-x-,Lose,0
x-xooo-x-,Lose,0
-xxooo-x-,Lose,0
---xoo-x-,Win,3
x--xoo-x-,Tie,4
xo-xoo-x-,Win,1
-x-xoo-x-,Win,3
ox-xoo-x-,Tie,3
x-oxoo-x-,Win,1
-xoxoo-x-,Lose,2
xxoxoo-x-,Win,1
--xxoo-x-,Tie,4
o-xxoo-x-,Tie,3
-oxxoo-x-,Win,3
xoxxoo-x-,Tie,2
oxxxoo-x-,Win,1
----xo-x-,Lose,4
o---xo-x-,Win,1
-o--xo-x-,Win,3
xo--xo-x-,Tie,4
ox--xo-x-,Lose,0
--o-xo-x-,Win,1
x-o-xo-x-,Win,1
xoo-xo-x-,Win,1
-xo-xo-x-,Lose,0
o-x-xo-x-,Lose,2
-ox-xo-x-,Tie,4
oox-xo-x-,Win,1
---oxo-x-,Win,1
x--oxo-x-,Lose,2
xo-oxo-x-,Win,1
-x-oxo-x-,Lose,0
x-ooxo-x-,Win,1
xxooxo-x-,Lose,0
--xoxo-x-,Lose,2
o-xoxo-x-,Win,1
-oxoxo-x-,Win,1
xoxoxo-x-,Lose,2
oxxoxo-x-,Lose,0
o--xxo-x-,Tie,4
-o-xxo-x-,Win,3
oo-xxo-x-,Tie,3
--oxxo-x-,Win,1
o-oxxo-x-,Win,1
-ooxxo-x-,Lose,2
xooxxo-x-,Win,1
oxoxxo-x-,Lose,0
ooxxxo-x-,Tie,2
o----x-x-,Win,5
-o---x-x-,Tie,6
oo---x-x-,Win,5
--o--x-x-,Win,5
o-o--x-x-,Lose,4
-oo--x-x-,Win,5
xoo--x-x-,Lose,4
oxo--x-x-,Win,3
oox--x-x-,Lose,4
---o-x-x-,Tie,6
o--o-x-x-,Win,5
-o-o-x-x-,Win,3
xo-o-x-x-,Tie,4
ox-o-x-x-,Win,1
--oo-x-x-,Tie,5
x-oo-x-x-,Tie,4
xooo-x-x-,Win,3
-xoo-x-x-,Tie,4
oxoo-x-x-,Win,1
o-xo-x-x-,Win,1
-oxo-x-x-,Tie,4
ooxo-x-x-,Win,1
oo-x-x-x-,Win,1
o-ox-x-x-,Win,1
-oox-x-x-,Win,1
ooox-x-x-,Lose,0
----ox-x-,Tie,6
o---ox-x-,Win,3
-o--ox-x-,Win,3
xo--ox-x-,Tie,4
ox--ox-x-,Win,1
--o-ox-x-,Tie,5
x-o-ox-x-,Win,1
xoo-ox-x-,Win,3
-xo-ox-x-,Win,1
oxo-ox-x-,Lose,2
o-x-ox-x-,Win,1
-ox-ox-x-,Tie,4
oox-ox-x-,Win,1
---oox-x-,Win,3
x--oox-x-,Tie,4
xo-oox-x-,Win,3
-x-oox-x-,Win,3
ox-oox-x-,Lose,2
x-ooox-x-,Tie,3
-xooox-x-,Tie,3
xxooox-x-,Win,1
--xoox-x-,Tie,4
o-xoox-x-,Win,1
-oxoox-x-,Win,1
xoxoox-x-,Tie,2
oxxoox-x-,Win,1
o--xox-x-,Win,1
-o-xox-x-,Win,3
oo-xox-x-,Lose,2
--oxox-x-,Win,1
o-oxox-x-,Lose,2
-ooxox-x-,Lose,2
xooxox-x-,Win,1
oxoxox-x-,Win,1
ooxxox-x-,Win,1
oo--xx-x-,Win,1
o-o-xx-x-,Win,1
-oo-xx-x-,Win,1
ooo-xx-x-,Lose,0
o--oxx-x-,Win,1
-o-oxx-x-,Win,3
oo-oxx-x-,Lose,2
--ooxx-x-,Tie,4
o-ooxx-x-,Win,1
-oooxx-x-,Tie,3
xoooxx-x-,Tie,2
oxooxx-x-,Lose,0
ooxoxx-x-,Win,1
------ox-,Tie,7
x-----ox-,Tie,6
xo----ox-,Tie,5
-x----ox-,Win,5
ox----ox-,Win,1
x-o---ox-,Win,3
-xo---ox-,Win,1
xxo---ox-,Win,1
--x---ox-,Tie,6
o-x---ox-,Tie,5
-ox---ox-,Tie,5
xox---ox-,Tie,4
oxx---ox-,Win,1
x--o--ox-,Win,3
-x-o--ox-,Win,1
xx-o--ox-,Lose,2
xxoo--ox-,Win,1
--xo--ox-,Win,5
x-xo--ox-,Lose,4
xoxo--ox-,Win,3
-xxo--ox-,Win,1
oxxo--ox-,Lose,0
---x--ox-,Tie,6
o--x--ox-,Win,3
-o-x--ox-,Tie,5
xo-x--ox-,Tie,4
ox-x--ox-,Win,3
--ox--ox-,Win,3
x-ox--ox-,Win,1
xoox--ox-,Win,3
-xox--ox-,Win,1
oxox--ox-,Win,1
o-xx--ox-,Tie,4
-oxx--ox-,Tie,4
ooxx--ox-,Win,3
x---o-ox-,Tie,5
-x--o-ox-,Lose,4
xx--o-ox-,Win,1
xxo-o-ox-,Lose,0
--x-o-ox-,Tie,5
x-x-o-ox-,Tie,4
xox-o-ox-,Tie,3
-xx-o-ox-,Win,3
oxx-o-ox-,Lose,2
xx-oo-ox-,Win,1
x-xoo-ox-,Win,1
-xxoo-ox-,Win,1
xxxoo-ox-,Lose,0
---xo-ox-,Tie,5
x--xo-ox-,Win,1
xo-xo-ox-,Tie,3
-x-xo-ox-,Win,1
ox-xo-ox-,Lose,2
x-oxo-ox-,Lose,0
-xoxo-ox-,Lose,0
--xxo-ox-,Tie,4
o-xxo-ox-,Tie,3
-oxxo-ox-,Tie,3
xoxxo-ox-,Tie,2
oxxxo-ox-,Win,1
----x-ox-,Tie,6
o---x-ox-,Win,1
-o--x-ox-,Tie,5
xo--x-ox-,Tie,4
ox--x-ox-,Lose,0
--o-x-ox-,Win,1
x-o-x-ox-,Lose,2
xoo-x-ox-,Win,1
-xo-x-ox-,Lose,0
o-x-x-ox-,Win,1
-ox-x-ox-,Tie,4
oox-x-ox-,Tie,3
---ox-ox-,Win,1
x--ox-ox-,Lose,2
xo-ox-ox-,Win,1
-x-ox-ox-,Lose,0
x-oox-ox-,Win,1
xxoox-ox-,Lose,0
--xox-ox-,Win,1
o-xox-ox-,Lose,0
-oxox-ox-,Tie,3
xoxox-ox-,Tie,2
o--xx-ox-,Lose,2
-o-xx-ox-,Tie,4
oo-xx-ox-,Win,1
--oxx-ox-,Lose,2
o-oxx-ox-,Win,1
-ooxx-ox-,Win,1
xooxx-ox-,Lose,2
oxoxx-ox-,Lose,0
ooxxx-ox-,Tie,2
x----oox-,Win,3
-x---oox-,Win,1
xx---oox-,Lose,2
xxo--oox-,Win,1
--x--oox-,Win,3
x-x--oox-,Tie,4
xox--oox-,Tie,3
-xx--oox-,Lose,2
oxx--oox-,Win,1
xx-o-oox-,Win,1
x-xo-oox-,Win,1
-xxo-oox-,Win,1
xxxo-oox-,Lose,0
---x-oox-,Tie,5
x--x-oox-,Win,3
xo-x-oox-,Tie,3
-x-x-oox-,Tie,4
ox-x-oox-,Win,1
x-ox-oox-,Lose,2
-xox-oox-,Win,1
xxox-oox-,Win,1
--xx-oox-,Tie,4
o-xx-oox-,Tie,3
-oxx-oox-,Tie,3
xoxx-oox-,Tie,2
oxxx-oox-,Tie,2
xx--ooox-,Win,1
x-x-ooox-,Win,1
-xx-ooox-,Win,1
xxx-ooox-,Lose,0
x--xooox-,Tie,3
-x-xooox-,Tie,3
xx-xooox-,Win,1
xxoxooox-,Lose,0
--xxooox-,Tie,3
x-xxooox-,Tie,2
xoxxooox-,Tie,1
-xxxooox-,Tie,2
oxxxooox-,Tie,1
----xoox-,Win,1
x---xoox-,Lose,2
xo--xoox-,Win,1
-x--xoox-,Lose,0
x-o-xoox-,Win,1
xxo-xoox-,Lose,0
--x-xoox-,Tie,4
o-x-xoox-,Win,1
-ox-xoox-,Tie,3
xox-xoox-,Tie,2
oxx-xoox-,Lose,0
x--oxoox-,Win,1
xx-oxoox-,Lose,0
--xoxoox-,Win,1
x-xoxoox-,Lose,2
xoxoxoox-,Win,1
-xxoxoox-,Lose,0
---xxoox-,Tie,4
o--xxoox-,Win,1
-o-xxoox-,Tie,3
xo-xxoox-,Tie,2
ox-xxoox-,Lose,0
--oxxoox-,Win,1
x-oxxoox-,Win,1
xooxxoox-,Win,1
-xoxxoox-,Lose,0
o-xxxoox-,Tie,2
-oxxxoox-,Tie,2
ooxxxoox-,Tie,1
-----xox-,Win,5
o----xox-,Lose,4
-o---xox-,Tie,5
xo---xox-,Tie,4
ox---xox-,Win,1
--o--xox-,Win,3
x-o--xox-,Win,1
xoo--xox-,Win,3
-xo--xox-,Win,1
oxo--xox-,Win,1
o-x--xox-,Win,1
-ox--xox-,Tie,4
oox--xox-,Win,1
---o-xox-,Win,5
x--o-xox-,Lose,4
xo-o-xox-,Win,3
-x-o-xox-,Win,1
ox-o-xox-,Lose,0
x-oo-xox-,Win,3
-xoo-xox-,Win,1
xxoo-xox-,Win,1
--xo-xox-,Win,1
o-xo-xox-,Lose,0
-oxo-xox-,Win,1
xoxo-xox-,Tie,2
o--x-xox-,Win,3
-o-x-xox-,Tie,4
oo-x-xox-,Win,1
--ox-xox-,Win,1
o-ox-xox-,Win,1
-oox-xox-,Win,1
xoox-xox-,Win,1
oxox-xox-,Win,1
ooxx-xox-,Lose,2
----oxox-,Tie,5
x---oxox-,Win,1
xo--oxox-,Tie,3
-x--oxox-,Win,1
ox--oxox-,Lose,2
x-o-oxox-,Lose,0
-xo-oxox-,Lose,0
--x-oxox-,Tie,4
o-x-oxox-,Win,1
-ox-oxox-,Win,1
xox-oxox-,Tie,2
oxx-oxox-,Win,1
x--ooxox-,Win,3
-x-ooxox-,Lose,2
xx-ooxox-,Win,1
xxoooxox-,Lose,0
--xooxox-,Win,1
x-xooxox-,Lose,2
xoxooxox-,Win,1
-xxooxox-,Win,1
oxxooxox-,Lose,0
---xoxox-,Win,1
o--xoxox-,Lose,2
-o-xoxox-,Tie,3
xo-xoxox-,Win,1
ox-xoxox-,Win,1
--oxoxox-,Lose,0
xooxoxox-,Lose,0
oxoxoxox-,Lose,0
o-xxoxox-,Win,1
-oxxoxox-,Tie,2
ooxxoxox-,Win,1
o---xxox-,Win,1
-o--xxox-,Tie,4
oo--xxox-,Win,1
--o-xxox-,Lose,2
o-o-xxox-,Win,1
-oo-xxox-,Win,1
xoo-xxox-,Lose,2
oxo-xxox-,Lose,0
oox-xxox-,Win,1
---oxxox-,Win,1
o--oxxox-,Lose,0
-o-oxxox-,Tie,3
xo-oxxox-,Tie,2
--ooxxox-,Win,1
x-ooxxox-,Lose,2
xoooxxox-,Win,1
-xooxxox-,Lose,0
-oxoxxox-,Win,1
ooxoxxox-,Lose,0
oo-xxxox-,Lose,0
o-oxxxox-,Lose,0
-ooxxxox-,Lose,0
o-----xx-,Lose,4
-o----xx-,Tie,6
oo----xx-,Win,1
--o---xx-,Win,5
o-o---xx-,Win,1
-oo---xx-,Win,1
xoo---xx-,Lose,2
oxo---xx-,Lose,2
oox---xx-,Lose,2
---o--xx-,Lose,4
o--o--xx-,Win,1
-o-o--xx-,Win,1
xo-o--xx-,Tie,4
ox-o--xx-,Lose,2
--oo--xx-,Win,1
x-oo--xx-,Tie,4
xooo--xx-,Win,1
-xoo--xx-,Lose,2
oxoo--xx-,Win,1
o-xo--xx-,Lose,2
-oxo--xx-,Lose,2
ooxo--xx-,Win,1
oo-x--xx-,Win,1
o-ox--xx-,Win,1
-oox--xx-,Win,1
ooox--xx-,Lose,0
----o-xx-,Tie,6
o---o-xx-,Win,1
-o--o-xx-,Win,1
xo--o-xx-,Lose,2
ox--o-xx-,Win,1
--o-o-xx-,Win,1
x-o-o-xx-,Lose,2
xoo-o-xx-,Win,1
-xo-o-xx-,Win,3
oxo-o-xx-,Win,1
o-x-o-xx-,Win,1
-ox-o-xx-,Tie,4
oox-o-xx-,Win,1
---oo-xx-,Win,1
x--oo-xx-,Win,1
xo-oo-xx-,Win,1
-x-oo-xx-,Win,1
ox-oo-xx-,Win,1
x-ooo-xx-,Win,1
-xooo-xx-,Win,1
xxooo-xx-,Win,1
--xoo-xx-,Win,1
o-xoo-xx-,Win,1
-oxoo-xx-,Win,1
xoxoo-xx-,Win,1
oxxoo-xx-,Win,1
o--xo-xx-,Win,1
-o-xo-xx-,Lose,2
oo-xo-xx-,Win,1
--oxo-xx-,Lose,2
o-oxo-xx-,Win,1
-ooxo-xx-,Win,1
xooxo-xx-,Lose,0
oxoxo-xx-,Win,1
ooxxo-xx-,Win,1
oo--x-xx-,Win,1
o-o-x-xx-,Win,1
-oo-x-xx-,Win,1
ooo-x-xx-,Lose,0
o--ox-xx-,Lose,2
-o-ox-xx-,Lose,2
oo-ox-xx-,Win,1
--oox-xx-,Lose,2
o-oox-xx-,Win,1
-ooox-xx-,Win,1
xooox-xx-,Tie,2
oxoox-xx-,Lose,0
ooxox-xx-,Lose,0
-----oxx-,Win,5
o----oxx-,Win,1
-o---oxx-,Win,1
xo---oxx-,Lose,2
ox---oxx-,Lose,2
--o--oxx-,Win,1
x-o--oxx-,Win,1
xoo--oxx-,Win,1
-xo--oxx-,Win,1
oxo--oxx-,Win,1
o-x--oxx-,Lose,2
-ox--oxx-,Lose,2
oox--oxx-,Win,1
---o-oxx-,Win,1
x--o-oxx-,Win,1
xo-o-oxx-,Win,1
-x-o-oxx-,Win,1
ox-o-oxx-,Win,1
x-oo-oxx-,Win,1
-xoo-oxx-,Win,1
xxoo-oxx-,Win,1
--xo-oxx-,Win,1
o-xo-oxx-,Win,1
-oxo-oxx-,Win,1
xoxo-oxx-,Win,1
oxxo-oxx-,Win,1
o--x-oxx-,Win,3
-o-x-oxx-,Lose,2
oo-x-oxx-,Win,1
--ox-oxx-,Win,1
o-ox-oxx-,Win,1
-oox-oxx-,Win,1
xoox-oxx-,Lose,0
oxox-oxx-,Win,1
ooxx-oxx-,Lose,2
----ooxx-,Win,1
x---ooxx-,Win,1
xo--ooxx-,Win,1
-x--ooxx-,Win,1
ox--ooxx-,Win,1
x-o-ooxx-,Win,1
-xo-ooxx-,Win,1
xxo-ooxx-,Win,1
--x-ooxx-,Win,1
o-x-ooxx-,Win,1
-ox-ooxx-,Win,1
xox-ooxx-,Win,1
oxx-ooxx-,Win,1
x--oooxx-,Lose,0
-x-oooxx-,Lose,0
xxooooxx-,Lose,0
--xoooxx-,Lose,0
xoxoooxx-,Lose,0
oxxoooxx-,Lose,0
---xooxx-,Lose,2
o--xooxx-,Win,1
-o-xooxx-,Win,1
xo-xooxx-,Lose,0
ox-xooxx-,Win,1
--oxooxx-,Win,1
x-oxooxx-,Lose,0
-xoxooxx-,Win,1
oxoxooxx-,Win,1
o-xxooxx-,Win,1
-oxxooxx-,Lose,2
ooxxooxx-,Win,1
o---xoxx-,Lose,2
-o--xoxx-,Lose,2
oo--xoxx-,Win,1
--o-xoxx-,Win,1
o-o-xoxx-,Win,1
-oo-xoxx-,Win,1
xoo-xoxx-,Win,1
oxo-xoxx-,Lose,0
oox-xoxx-,Lose,0
---oxoxx-,Lose,2
o--oxoxx-,Win,1
-o-oxoxx-,Win,1
xo-oxoxx-,Lose,2
ox-oxoxx-,Lose,0
--ooxoxx-,Win,1
x-ooxoxx-,Win,1
xoooxoxx-,Win,1
-xooxoxx-,Lose,0
o-xoxoxx-,Lose,0
-oxoxoxx-,Lose,0
oo-xxoxx-,Win,1
o-oxxoxx-,Win,1
-ooxxoxx-,Win,1
oooxxoxx-,Lose,0
oo---xxx-,Win,1
o-o--xxx-,Win,1
-oo--xxx-,Win,1
ooo--xxx-,Lose,0
o--o-xxx-,Lose,4
-o-o-xxx-,Tie,4
oo-o-xxx-,Win,1
--oo-xxx-,Tie,4
o-oo-xxx-,Win,1
-ooo-xxx-,Win,1
xooo-xxx-,Tie,2
oxoo-xxx-,Lose,2
ooxo-xxx-,Lose,2
o---oxxx-,Win,1
-o--oxxx-,Tie,4
oo--oxxx-,Win,1
--o-oxxx-,Tie,4
o-o-oxxx-,Win,1
-oo-oxxx-,Win,1
xoo-oxxx-,Lose,2
oxo-oxxx-,Win,1
oox-oxxx-,Win,1
---ooxxx-,Tie,4
o--ooxxx-,Win,1
-o-ooxxx-,Win,1
xo-ooxxx-,Tie,2
ox-ooxxx-,Win,1
--oooxxx-,Win,1
x-oooxxx-,Tie,2
xooooxxx-,Win,1
-xoooxxx-,Tie,2
oxoooxxx-,Win,1
o-xooxxx-,Win,1
-oxooxxx-,Tie,2
ooxooxxx-,Win,1
oo-xoxxx-,Win,1
o-oxoxxx-,Win,1
-ooxoxxx-,Win,1
oooxoxxx-,Lose,0
oo-oxxxx-,Win,1
o-ooxxxx-,Win,1
-oooxxxx-,Win,1
ooooxxxx-,Lose,0
x-------o,Win,5
-x------o,Win,5
xx------o,Win,5
xxo-----o,Lose,4
--x-----o,Win,5
x-x-----o,Lose,4
xox-----o,Win,3
-xx-----o,Lose,4
oxx-----o,Win,3
xx-o----o,Win,1
x-xo----o,Win,1
-xxo----o,Win,1
xxxo----o,Lose,0
---x----o,Win,5
x--x----o,Win,5
xo-x----o,Win,1
-x-x----o,Win,5
ox-x----o,Win,3
x-ox----o,Win,1
-xox----o,Lose,4
xxox----o,Win,1
--xx----o,Tie,6
o-xx----o,Win,3
-oxx----o,Win,3
xoxx----o,Tie,4
oxxx----o,Win,1
xx--o---o,Win,1
x-x-o---o,Win,1
-xx-o---o,Win,1
xxx-o---o,Lose,0
x--xo---o,Win,1
-x-xo---o,Win,3
xx-xo---o,Lose,2
xxoxo---o,Win,1
--xxo---o,Win,3
x-xxo---o,Lose,2
xoxxo---o,Win,1
-xxxo---o,Win,1
oxxxo---o,Lose,0
----x---o,Tie,7
x---x---o,Tie,6
xo--x---o,Win,3
-x--x---o,Tie,6
ox--x---o,Win,1
x-o-x---o,Tie,5
-xo-x---o,Win,1
xxo-x---o,Win,1
--x-x---o,Tie,6
o-x-x---o,Win,1
-ox-x---o,Win,1
xox-x---o,Tie,4
oxx-x---o,Lose,2
x--ox---o,Win,3
-x-ox---o,Win,1
xx-ox---o,Lose,2
xxoox---o,Win,1
--xox---o,Win,1
x-xox---o,Lose,2
xoxox---o,Win,1
-xxox---o,Lose,2
oxxox---o,Win,1
---xx---o,Tie,6
o--xx---o,Win,1
-o-xx---o,Win,1
xo-xx---o,Lose,2
ox-xx---o,Lose,2
--oxx---o,Win,1
x-oxx---o,Win,1
xooxx---o,Win,1
-xoxx---o,Win,1
oxoxx---o,Win,1
o-xxx---o,Lose,2
-oxxx---o,Lose,2
ooxxx---o,Win,1
xx---o--o,Win,1
x-x--o--o,Win,1
-xx--o--o,Win,1
xxx--o--o,Lose,0
x--x-o--o,Win,1
-x-x-o--o,Win,5
xx-x-o--o,Win,1
xxox-o--o,Lose,0
--xx-o--o,Win,3
x-xx-o--o,Lose,2
xoxx-o--o,Win,1
-xxx-o--o,Lose,4
oxxx-o--o,Win,3
xx-xoo--o,Win,1
x-xxoo--o,Win,1
-xxxoo--o,Win,1
xxxxoo--o,Lose,0
x---xo--o,Win,3
-x--xo--o,Win,1
xx--xo--o,Win,1
xxo-xo--o,Lose,0
--x-xo--o,Win,1
x-x-xo--o,Lose,2
xox-xo--o,Win,1
-xx-xo--o,Lose,2
oxx-xo--o,Win,1
xx-oxo--o,Win,1
x-xoxo--o,Win,1
-xxoxo--o,Win,1
xxxoxo--o,Lose,0
---xxo--o,Tie,5
x--xxo--o,Win,1
xo-xxo--o,Win,1
-x-xxo--o,Win,1
ox-xxo--o,Win,1
x-oxxo--o,Lose,0
-xoxxo--o,Lose,0
--xxxo--o,Tie,4
o-xxxo--o,Win,1
-oxxxo--o,Win,1
xoxxxo--o,Tie,2
oxxxxo--o,Lose,2
-----x--o,Tie,7
x----x--o,Tie,6
xo---x--o,Win,3
-x---x--o,Win,5
ox---x--o,Win,3
x-o--x--o,Win,3
-xo--x--o,Win,3
xxo--x--o,Win,3
--x--x--o,Win,5
o-x--x--o,Win,3
-ox--x--o,Win,3
xox--x--o,Win,3
oxx--x--o,Win,1
x--o-x--o,Tie,5
-x-o-x--o,Tie,5
xx-o-x--o,Tie,4
xxoo-x--o,Tie,3
--xo-x--o,Tie,5
x-xo-x--o,Tie,4
xoxo-x--o,Tie,3
-xxo-x--o,Win,3
oxxo-x--o,Lose,2
---x-x--o,Win,5
o--x-x--o,Win,1
-o-x-x--o,Win,1
xo-x-x--o,Lose,2
ox-x-x--o,Win,1
--ox-x--o,Win,1
x-ox-x--o,Lose,2
xoox-x--o,Win,1
-xox-x--o,Win,3
oxox-x--o,Win,1
o-xx-x--o,Win,1
-oxx-x--o,Win,3
ooxx-x--o,Win,1
x---ox--o,Tie,5
-x--ox--o,Tie,5
xx--ox--o,Tie,4
xxo-ox--o,Tie,3
--x-ox--o,Tie,5
x-x-ox--o,Tie,4
xox-ox--o,Tie,3
-xx-ox--o,Win,1
oxx-ox--o,Lose,0
xx-oox--o,Win,1
x-xoox--o,Win,1
-xxoox--o,Win,1
xxxoox--o,Lose,0
---xox--o,Lose,4
x--xox--o,Win,3
xo-xox--o,Win,1
-x-xox--o,Win,1
ox-xox--o,Lose,0
x-oxox--o,Win,1
-xoxox--o,Lose,2
xxoxox--o,Win,1
--xxox--o,Win,1
o-xxox--o,Lose,0
-oxxox--o,Lose,2
xoxxox--o,Win,1
----xx--o,Tie,6
o---xx--o,Win,1
-o--xx--o,Win,1
xo--xx--o,Tie,4
ox--xx--o,Lose,2
--o-xx--o,Win,1
x-o-xx--o,Tie,4
xoo-xx--o,Win,1
-xo-xx--o,Lose,2
oxo-xx--o,Win,1
o-x-xx--o,Lose,2
-ox-xx--o,Lose,2
oox-xx--o,Win,1
---oxx--o,Tie,5
x--oxx--o,Tie,4
xo-oxx--o,Tie,3
-x-oxx--o,Tie,4
ox-oxx--o,Win,1
x-ooxx--o,Tie,3
-xooxx--o,Win,1
xxooxx--o,Tie,2
--xoxx--o,Win,3
o-xoxx--o,Win,1
-oxoxx--o,Win,1
xoxoxx--o,Tie,2
oxxoxx--o,Win,1
o--xxx--o,Lose,0
-o-xxx--o,Lose,0
--oxxx--o,Lose,0
xooxxx--o,Lose,0
oxoxxx--o,Lose,0
ooxxxx--o,Lose,0
xx----o-o,Win,1
x-x---o-o,Win,1
-xx---o-o,Win,1
xxx---o-o,Lose,0
x--x--o-o,Lose,4
-x-x--o-o,Lose,4
xx-x--o-o,Win,1
xxox--o-o,Lose,2
--xx--o-o,Tie,5
x-xx--o-o,Win,1
xoxx--o-o,Tie,3
-xxx--o-o,Win,1
oxxx--o-o,Lose,2
xx-xo-o-o,Win,1
x-xxo-o-o,Win,1
-xxxo-o-o,Win,1
xxxxo-o-o,Lose,0
x---x-o-o,Tie,5
-x--x-o-o,Win,1
xx--x-o-o,Win,1
xxo-x-o-o,Win,1
--x-x-o-o,Tie,5
x-x-x-o-o,Win,1
xox-x-o-o,Tie,3
-xx-x-o-o,Win,1
oxx-x-o-o,Win,1
xx-ox-o-o,Win,1
x-xox-o-o,Win,1
-xxox-o-o,Win,1
xxxox-o-o,Lose,0
---xx-o-o,Win,1
x--xx-o-o,Win,1
xo-xx-o-o,Win,1
-x-xx-o-o,Win,1
ox-xx-o-o,Win,1
x-oxx-o-o,Win,1
-xoxx-o-o,Win,1
xxoxx-o-o,Win,1
--xxx-o-o,Win,1
o-xxx-o-o,Win,1
-oxxx-o-o,Win,1
xoxxx-o-o,Win,1
oxxxx-o-o,Win,1
xx-x-oo-o,Win,1
x-xx-oo-o,Win,1
-xxx-oo-o,Win,1
xxxx-oo-o,Lose,0
xx--xoo-o,Win,1
x-x-xoo-o,Win,1
-xx-xoo-o,Win,1
xxx-xoo-o,Lose,0
x--xxoo-o,Lose,2
-x-xxoo-o,Win,1
xx-xxoo-o,Win,1
xxoxxoo-o,Lose,0
--xxxoo-o,Tie,3
x-xxxoo-o,Win,1
xoxxxoo-o,Tie,1
-xxxxoo-o,Win,1
oxxxxoo-o,Win,1
x----xo-o,Tie,5
-x---xo-o,Lose,4
xx---xo-o,Win,1
xxo--xo-o,Lose,2
--x--xo-o,Lose,4
x-x--xo-o,Win,1
xox--xo-o,Tie,3
-xx--xo-o,Win,1
oxx--xo-o,Lose,2
xx-o-xo-o,Win,1
x-xo-xo-o,Win,1
-xxo-xo-o,Win,1
xxxo-xo-o,Lose,0
---x-xo-o,Win,1
x--x-xo-o,Win,1
xo-x-xo-o,Win,1
-x-x-xo-o,Win,1
ox-x-xo-o,Win,1
x-ox-xo-o,Win,1
-xox-xo-o,Win,1
xxox-xo-o,Win,1
--xx-xo-o,Win,1
o-xx-xo-o,Win,1
-oxx-xo-o,Win,1
xoxx-xo-o,Win,1
oxxx-xo-o,Win,1
xx--oxo-o,Win,1
x-x-oxo-o,Win,1
-xx-oxo-o,Win,1
xxx-oxo-o,Lose,0
x--xoxo-o,Lose,2
-x-xoxo-o,Lose,2
xx-xoxo-o,Win,1
xxoxoxo-o,Lose,0
--xxoxo-o,Lose,2
x-xxoxo-o,Win,1
xoxxoxo-o,Tie,1
-xxxoxo-o,Win,1
oxxxoxo-o,Lose,0
----xxo-o,Win,1
x---xxo-o,Win,1
xo--xxo-o,Win,1
-x--xxo-o,Win,1
ox--xxo-o,Win,1
x-o-xxo-o,Win,1
-xo-xxo-o,Win,1
xxo-xxo-o,Win,1
--x-xxo-o,Win,1
o-x-xxo-o,Win,1
-ox-xxo-o,Win,1
xox-xxo-o,Win,1
oxx-xxo-o,Win,1
x--oxxo-o,Tie,3
-x-oxxo-o,Win,1
xx-oxxo-o,Win,1
xxooxxo-o,Win,1
--xoxxo-o,Lose,2
x-xoxxo-o,Win,1
xoxoxxo-o,Tie,1
-xxoxxo-o,Win,1
oxxoxxo-o,Lose,0
---xxxo-o,Lose,0
xo-xxxo-o,Lose,0
ox-xxxo-o,Lose,0
x-oxxxo-o,Lose,0
-xoxxxo-o,Lose,0
o-xxxxo-o,Lose,0
-oxxxxo-o,Lose,0
------x-o,Win,5
x-----x-o,Lose,4
xo----x-o,Win,1
-x----x-o,Tie,6
ox----x-o,Win,3
x-o---x-o,Win,1
-xo---x-o,Tie,5
xxo---x-o,Win,1
--x---x-o,Lose,4
o-x---x-o,Win,1
-ox---x-o,Win,1
xox---x-o,Lose,2
oxx---x-o,Win,1
x--o--x-o,Win,3
-x-o--x-o,Win,3
xx-o--x-o,Tie,4
xxoo--x-o,Tie,3
--xo--x-o,Win,1
x-xo--x-o,Lose,2
xoxo--x-o,Win,1
-xxo--x-o,Lose,2
oxxo--x-o,Win,1
---x--x-o,Lose,4
o--x--x-o,Win,3
-o-x--x-o,Win,1
xo-x--x-o,Lose,0
ox-x--x-o,Win,1
--ox--x-o,Win,1
x-ox--x-o,Lose,0
-xox--x-o,Win,1
oxox--x-o,Lose,2
o-xx--x-o,Win,1
-oxx--x-o,Lose,2
ooxx--x-o,Win,1
x---o-x-o,Win,1
-x--o-x-o,Win,3
xx--o-x-o,Lose,2
xxo-o-x-o,Win,1
--x-o-x-o,Win,3
x-x-o-x-o,Lose,2
xox-o-x-o,Win,1
-xx-o-x-o,Win,1
oxx-o-x-o,Lose,0
xx-oo-x-o,Win,1
x-xoo-x-o,Win,1
-xxoo-x-o,Win,1
xxxoo-x-o,Lose,0
---xo-x-o,Win,1
x--xo-x-o,Lose,0
-x-xo-x-o,Win,1
ox-xo-x-o,Lose,0
-xoxo-x-o,Win,1
xxoxo-x-o,Lose,0
--xxo-x-o,Win,1
o-xxo-x-o,Lose,0
-oxxo-x-o,Win,1
xoxxo-x-o,Lose,0
----x-x-o,Tie,6
o---x-x-o,Win,1
-o--x-x-o,Win,1
xo--x-x-o,Lose,2
ox--x-x-o,Lose,2
--o-x-x-o,Tie,5
x-o-x-x-o,Win,1
xoo-x-x-o,Win,1
-xo-x-x-o,Win,1
oxo-x-x-o,Win,1
o-x-x-x-o,Lose,0
-ox-x-x-o,Lose,0
---ox-x-o,Win,1
x--ox-x-o,Tie,4
xo-ox-x-o,Win,1
-x-ox-x-o,Lose,2
ox-ox-x-o,Win,1
x-oox-x-o,Tie,3
-xoox-x-o,Win,1
xxoox-x-o,Win,1
--xox-x-o,Lose,0
xoxox-x-o,Lose,0
oxxox-x-o,Lose,0
o--xx-x-o,Lose,2
-o-xx-x-o,Lose,2
oo-xx-x-o,Win,1
--oxx-x-o,Win,1
o-oxx-x-o,Win,1
-ooxx-x-o,Win,1
xooxx-x-o,Lose,0
oxoxx-x-o,Win,1
ooxxx-x-o,Lose,0
x----ox-o,Win,1
-x---ox-o,Win,3
xx---ox-o,Win,1
xxo--ox-o,Lose,0
--x--ox-o,Win,1
x-x--ox-o,Lose,2
xox--ox-o,Win,1
-xx--ox-o,Lose,2
oxx--ox-o,Win,1
xx-o-ox-o,Win,1
x-xo-ox-o,Win,1
-xxo-ox-o,Win,1
xxxo-ox-o,Lose,0
---x-ox-o,Win,1
x--x-ox-o,Lose,0
-x-x-ox-o,Win,1
ox-x-ox-o,Lose,2
-xox-ox-o,Lose,0
--xx-ox-o,Lose,2
o-xx-ox-o,Win,1
-oxx-ox-o,Win,1
xoxx-ox-o,Lose,0
oxxx-ox-o,Win,1
xx--oox-o,Win,1
x-x-oox-o,Win,1
-xx-oox-o,Win,1
xxx-oox-o,Lose,0
-x-xoox-o,Win,1
xx-xoox-o,Lose,0
--xxoox-o,Win,1
x-xxoox-o,Lose,0
-xxxoox-o,Win,1
oxxxoox-o,Lose,0
----xox-o,Win,1
x---xox-o,Win,1
xo--xox-o,Win,1
-x--xox-o,Win,1
ox--xox-o,Win,1
x-o-xox-o,Lose,0
-xo-xox-o,Lose,0
--x-xox-o,Lose,0
xox-xox-o,Lose,0
oxx-xox-o,Lose,0
x--oxox-o,Win,1
-x-oxox-o,Win,1
xx-oxox-o,Win,1
xxooxox-o,Lose,0
x-xoxox-o,Lose,0
-xxoxox-o,Lose,0
---xxox-o,Win,1
o--xxox-o,Win,1
-o-xxox-o,Win,1
xo-xxox-o,Lose,0
ox-xxox-o,Win,1
--oxxox-o,Lose,0
oxoxxox-o,Lose,0
o-xxxox-o,Lose,0
-oxxxox-o,Lose,0
-----xx-o,Tie,6
o----xx-o,Win,3
-o---xx-o,Win,3
xo---xx-o,Tie,4
ox---xx-o,Win,1
--o--xx-o,Win,3
x-o--xx-o,Tie,4
xoo--xx-o,Win,1
-xo--xx-o,Tie,4
oxo--xx-o,Win,3
o-x--xx-o,Win,1
-ox--xx-o,Win,3
oox--xx-o,Win,1
---o-xx-o,Tie,5
x--o-xx-o,Tie,4
xo-o-xx-o,Tie,3
-x-o-xx-o,Tie,4
ox-o-xx-o,Win,3
x-oo-xx-o,Tie,3
-xoo-xx-o,Tie,3
xxoo-xx-o,Tie,2
--xo-xx-o,Tie,4
o-xo-xx-o,Win,1
-oxo-xx-o,Win,1
xoxo-xx-o,Tie,2
oxxo-xx-o,Win,1
o--x-xx-o,Win,1
-o-x-xx-o,Lose,2
oo-x-xx-o,Win,1
--ox-xx-o,Lose,2
o-ox-xx-o,Win,1
-oox-xx-o,Win,1
xoox-xx-o,Lose,0
oxox-xx-o,Win,1
ooxx-xx-o,Win,1
----oxx-o,Tie,5
x---oxx-o,Tie,4
xo--oxx-o,Win,1
-x--oxx-o,Win,1
ox--oxx-o,Lose,0
x-o-oxx-o,Win,1
-xo-oxx-o,Tie,3
xxo-oxx-o,Tie,2
--x-oxx-o,Win,1
o-x-oxx-o,Lose,0
-ox-oxx-o,Lose,2
xox-oxx-o,Win,1
x--ooxx-o,Tie,3
-x-ooxx-o,Tie,3
xx-ooxx-o,Tie,2
xxoooxx-o,Tie,1
--xooxx-o,Tie,3
x-xooxx-o,Tie,2
xoxooxx-o,Tie,1
-xxooxx-o,Win,1
oxxooxx-o,Lose,0
---xoxx-o,Win,1
o--xoxx-o,Lose,0
-o-xoxx-o,Win,1
xo-xoxx-o,Lose,0
--oxoxx-o,Win,1
x-oxoxx-o,Lose,0
-xoxoxx-o,Win,1
oxoxoxx-o,Lose,0
-oxxoxx-o,Win,1
ooxxoxx-o,Lose,0
o---xxx-o,Lose,2
-o--xxx-o,Lose,2
oo--xxx-o,Win,1
--o-xxx-o,Tie,4
o-o-xxx-o,Win,1
-oo-xxx-o,Win,1
xoo-xxx-o,Tie,2
oxo-xxx-o,Lose,2
oox-xxx-o,Lose,0
---oxxx-o,Tie,4
o--oxxx-o,Win,1
-o-oxxx-o,Win,1
xo-oxxx-o,Tie,2
ox-oxxx-o,Lose,2
--ooxxx-o,Tie,3
x-ooxxx-o,Tie,2
xoooxxx-o,Tie,1
-xooxxx-o,Tie,2
oxooxxx-o,Win,1
o-xoxxx-o,Lose,0
-oxoxxx-o,Lose,0
oo-xxxx-o,Lose,0
o-oxxxx-o,Lose,0
-ooxxxx-o,Lose,0
xx-----oo,Win,1
x-x----oo,Win,1
-xx----oo,Win,1
xxx----oo,Lose,0
x--x---oo,Win,1
-x-x---oo,Win,5
xx-x---oo,Win,1
xxox---oo,Win,1
--xx---oo,Win,3
x-xx---oo,Win,1
xoxx---oo,Win,1
-xxx---oo,Win,1
oxxx---oo,Lose,2
xx-xo--oo,Win,1
x-xxo--oo,Win,1
-xxxo--oo,Win,1
xxxxo--oo,Lose,0
x---x--oo,Win,3
-x--x--oo,Tie,5
xx--x--oo,Win,1
xxo-x--oo,Lose,2
--x-x--oo,Win,1
x-x-x--oo,Win,1
xox-x--oo,Win,1
-xx-x--oo,Win,1
oxx-x--oo,Win,1
xx-ox--oo,Win,1
x-xox--oo,Win,1
-xxox--oo,Win,1
xxxox--oo,Lose,0
---xx--oo,Win,1
x--xx--oo,Win,1
xo-xx--oo,Win,1
-x-xx--oo,Win,1
ox-xx--oo,Win,1
x-oxx--oo,Win,1
-xoxx--oo,Win,1
xxoxx--oo,Win,1
--xxx--oo,Win,1
o-xxx--oo,Win,1
-oxxx--oo,Win,1
xoxxx--oo,Win,1
oxxxx--oo,Win,1
xx-x-o-oo,Win,1
x-xx-o-oo,Win,1
-xxx-o-oo,Win,1
xxxx-o-oo,Lose,0
xx--xo-oo,Win,1
x-x-xo-oo,Win,1
-xx-xo-oo,Win,1
xxx-xo-oo,Lose,0
x--xxo-oo,Win,1
-x-xxo-oo,Lose,2
xx-xxo-oo,Win,1
xxoxxo-oo,Lose,0
--xxxo-oo,Win,1
x-xxxo-oo,Win,1
xoxxxo-oo,Win,1
-xxxxo-oo,Win,1
oxxxxo-oo,Win,1
x----x-oo,Win,5
-x---x-oo,Win,5
xx---x-oo,Win,1
xxo--x-oo,Tie,3
--x--x-oo,Lose,4
x-x--x-oo,Win,1
xox--x-oo,Lose,2
-xx--x-oo,Win,1
oxx--x-oo,Lose,2
xx-o-x-oo,Win,1
x-xo-x-oo,Win,1
-xxo-x-oo,Win,1
xxxo-x-oo,Lose,0
---x-x-oo,Win,1
x--x-x-oo,Win,1
xo-x-x-oo,Win,1
-x-x-x-oo,Win,1
ox-x-x-oo,Win,1
x-ox-x-oo,Win,1
-xox-x-oo,Win,1
xxox-x-oo,Win,1
--xx-x-oo,Win,1
o-xx-x-oo,Win,1
-oxx-x-oo,Win,1
xoxx-x-oo,Win,1
oxxx-x-oo,Win,1
xx--ox-oo,Win,1
x-x-ox-oo,Win,1
-xx-ox-oo,Win,1
xxx-ox-oo,Lose,0
x--xox-oo,Win,1
-x-xox-oo,Lose,2
xx-xox-oo,Win,1
xxoxox-oo,Win,1
--xxox-oo,Lose,2
x-xxox-oo,Win,1
xoxxox-oo,Lose,0
-xxxox-oo,Win,1
oxxxox-oo,Lose,0
----xx-oo,Win,1
x---xx-oo,Win,1
xo--xx-oo,Win,1
-x--xx-oo,Win,1
ox--xx-oo,Win,1
x-o-xx-oo,Win,1
-xo-xx-oo,Win,1
xxo-xx-oo,Win,1
--x-xx-oo,Win,1
o-x-xx-oo,Win,1
-ox-xx-oo,Win,1
xox-xx-oo,Win,1
oxx-xx-oo,Win,1
x--oxx-oo,Tie,3
-x-oxx-oo,Tie,3
xx-oxx-oo,Win,1
xxooxx-oo,Tie,1
--xoxx-oo,Win,1
x-xoxx-oo,Win,1
xoxoxx-oo,Win,1
-xxoxx-oo,Win,1
oxxoxx-oo,Win,1
---xxx-oo,Lose,0
xo-xxx-oo,Lose,0
ox-xxx-oo,Lose,0
x-oxxx-oo,Lose,0
-xoxxx-oo,Lose,0
o-xxxx-oo,Lose,0
-oxxxx-oo,Lose,0
xx-x--ooo,Lose,0
x-xx--ooo,Lose,0
-xxx--ooo,Lose,0
xx--x-ooo,Lose,0
x-x-x-ooo,Lose,0
-xx-x-ooo,Lose,0
x--xx-ooo,Lose,0
-x-xx-ooo,Lose,0
xxoxx-ooo,Lose,0
--xxx-ooo,Lose,0
xoxxx-ooo,Lose,0
oxxxx-ooo,Lose,0
xx-xxoooo,Lose,0
x-xxxoooo,Lose,0
-xxxxoooo,Lose,0
xx---xooo,Lose,0
x-x--xooo,Lose,0
-xx--xooo,Lose,0
x--x-xooo,Lose,0
-x-x-xooo,Lose,0
xxox-xooo,Lose,0
--xx-xooo,Lose,0
xoxx-xooo,Lose,0
oxxx-xooo,Lose,0
xx-xoxooo,Lose,0
x-xxoxooo,Lose,0
-xxxoxooo,Lose,0
x---xxooo,Lose,0
-x--xxooo,Lose,0
xxo-xxooo,Lose,0
--x-xxooo,Lose,0
xox-xxooo,Lose,0
oxx-xxooo,Lose,0
xx-oxxooo,Lose,0
x-xoxxooo,Lose,0
-xxoxxooo,Lose,0
x-----xoo,Win,1
-x----xoo,Win,3
xx----xoo,Lose,2
xxo---xoo,Win,1
--x---xoo,Win,1
x-x---xoo,Lose,2
xox---xoo,Win,1
-xx---xoo,Lose,2
oxx---xoo,Win,1
xx-o--xoo,Win,1
x-xo--xoo,Win,1
-xxo--xoo,Win,1
xxxo--xoo,Lose,0
---x--xoo,Win,1
x--x--xoo,Lose,0
-x-x--xoo,Lose,4
ox-x--xoo,Win,3
-xox--xoo,Win,1
xxox--xoo,Lose,0
--xx--xoo,Lose,2
o-xx--xoo,Win,1
-oxx--xoo,Win,1
xoxx--xoo,Lose,0
oxxx--xoo,Win,1
xx--o-xoo,Win,1
x-x-o-xoo,Win,1
-xx-o-xoo,Win,1
xxx-o-xoo,Lose,0
-x-xo-xoo,Win,1
xx-xo-xoo,Lose,0
--xxo-xoo,Win,1
x-xxo-xoo,Lose,0
-xxxo-xoo,Win,1
oxxxo-xoo,Lose,0
----x-xoo,Win,1
x---x-xoo,Lose,2
xo--x-xoo,Win,1
-x--x-xoo,Tie,4
ox--x-xoo,Win,1
x-o-x-xoo,Win,1
-xo-x-xoo,Tie,3
xxo-x-xoo,Win,1
--x-x-xoo,Lose,0
xox-x-xoo,Lose,0
oxx-x-xoo,Lose,0
x--ox-xoo,Win,1
-x-ox-xoo,Win,1
xx-ox-xoo,Tie,2
xxoox-xoo,Tie,1
x-xox-xoo,Lose,0
-xxox-xoo,Lose,0
---xx-xoo,Lose,2
o--xx-xoo,Win,1
-o-xx-xoo,Win,1
xo-xx-xoo,Lose,0
ox-xx-xoo,Lose,2
--oxx-xoo,Win,1
x-oxx-xoo,Lose,0
-xoxx-xoo,Win,1
oxoxx-xoo,Win,1
o-xxx-xoo,Lose,0
-oxxx-xoo,Lose,0
xx---oxoo,Win,1
x-x--oxoo,Win,1
-xx--oxoo,Win,1
xxx--oxoo,Lose,0
-x-x-oxoo,Win,1
xx-x-oxoo,Lose,0
--xx-oxoo,Win,1
x-xx-oxoo,Lose,0
-xxx-oxoo,Lose,2
oxxx-oxoo,Win,1
-xxxooxoo,Win,1
xxxxooxoo,Lose,0
x---xoxoo,Win,1
-x--xoxoo,Win,1
xx--xoxoo,Win,1
xxo-xoxoo,Lose,0
x-x-xoxoo,Lose,0
-xx-xoxoo,Lose,0
xx-oxoxoo,Win,1
xxxoxoxoo,Lose,0
---xxoxoo,Win,1
x--xxoxoo,Lose,0
-x-xxoxoo,Win,1
ox-xxoxoo,Win,1
-xoxxoxoo,Lose,0
--xxxoxoo,Lose,0
xoxxxoxoo,Lose,0
oxxxxoxoo,Lose,0
-----xxoo,Win,3
x----xxoo,Lose,4
xo---xxoo,Win,1
-x---xxoo,Lose,4
ox---xxoo,Win,3
x-o--xxoo,Win,1
-xo--xxoo,Win,3
xxo--xxoo,Tie,2
--x--xxoo,Win,3
o-x--xxoo,Win,1
-ox--xxoo,Win,1
xox--xxoo,Win,1
oxx--xxoo,Win,1
x--o-xxoo,Win,3
-x-o-xxoo,Win,3
xx-o-xxoo,Tie,2
xxoo-xxoo,Tie,1
--xo-xxoo,Win,1
x-xo-xxoo,Lose,2
xoxo-xxoo,Win,1
-xxo-xxoo,Lose,2
oxxo-xxoo,Win,1
---x-xxoo,Lose,2
o--x-xxoo,Win,1
-o-x-xxoo,Win,1
xo-x-xxoo,Lose,0
ox-x-xxoo,Win,1
--ox-xxoo,Win,1
x-ox-xxoo,Lose,0
-xox-xxoo,Lose,2
oxox-xxoo,Win,1
o-xx-xxoo,Win,1
-oxx-xxoo,Win,1
ooxx-xxoo,Win,1
x---oxxoo,Win,1
-x--oxxoo,Win,3
xx--oxxoo,Lose,2
xxo-oxxoo,Win,1
--x-oxxoo,Lose,2
x-x-oxxoo,Win,1
xox-oxxoo,Lose,0
-xx-oxxoo,Win,1
oxx-oxxoo,Lose,0
xx-ooxxoo,Win,1
x-xooxxoo,Win,1
-xxooxxoo,Win,1
xxxooxxoo,Lose,0
---xoxxoo,Win,1
x--xoxxoo,Lose,0
-x-xoxxoo,Win,1
ox-xoxxoo,Lose,0
-xoxoxxoo,Win,1
xxoxoxxoo,Lose,0
--xxoxxoo,Win,1
o-xxoxxoo,Lose,0
-oxxoxxoo,Lose,0
----xxxoo,Lose,2
o---xxxoo,Win,1
-o--xxxoo,Win,1
xo--xxxoo,Lose,2
ox--xxxoo,Lose,2
--o-xxxoo,Win,1
x-o-xxxoo,Tie,2
xoo-xxxoo,Win,1
-xo-xxxoo,Tie,2
oxo-xxxoo,Win,1
o-x-xxxoo,Lose,0
-ox-xxxoo,Lose,0
---oxxxoo,Win,1
x--oxxxoo,Tie,2
xo-oxxxoo,Win,1
-x-oxxxoo,Tie,2
ox-oxxxoo,Win,1
x-ooxxxoo,Tie,1
-xooxxxoo,Tie,1
xxooxxxoo,Tie,0
--xoxxxoo,Lose,0
xoxoxxxoo,Lose,0
oxxoxxxoo,Lose,0
o--xxxxoo,Lose,0
-o-xxxxoo,Lose,0
--oxxxxoo,Lose,0
xooxxxxoo,Lose,0
oxoxxxxoo,Lose,0
ooxxxxxoo,Lose,0
-------xo,Tie,7
x------xo,Tie,6
xo-----xo,Tie,5
-x-----xo,Win,5
ox-----xo,Win,1
x-o----xo,Tie,5
-xo----xo,Win,1
xxo----xo,Win,1
--x----xo,Tie,6
o-x----xo,Win,3
-ox----xo,Tie,5
xox----xo,Tie,4
oxx----xo,Win,1
x--o---xo,Win,3
-x-o---xo,Win,1
xx-o---xo,Lose,2
xxoo---xo,Win,1
--xo---xo,Win,3
x-xo---xo,Tie,4
xoxo---xo,Tie,3
-xxo---xo,Lose,2
oxxo---xo,Win,1
---x---xo,Win,5
o--x---xo,Win,3
-o-x---xo,Tie,5
xo-x---xo,Tie,4
ox-x---xo,Win,1
--ox---xo,Lose,4
x-ox---xo,Win,1
xoox---xo,Win,1
-xox---xo,Win,1
oxox---xo,Win,1
o-xx---xo,Win,1
-oxx---xo,Tie,4
ooxx---xo,Win,3
x---o--xo,Tie,5
-x--o--xo,Lose,4
xx--o--xo,Win,3
xxo-o--xo,Lose,2
--x-o--xo,Tie,5
x-x-o--xo,Tie,4
xox-o--xo,Tie,3
-xx-o--xo,Win,1
oxx-o--xo,Lose,0
xx-oo--xo,Win,1
x-xoo--xo,Win,1
-xxoo--xo,Win,1
xxxoo--xo,Lose,0
---xo--xo,Tie,5
x--xo--xo,Tie,4
xo-xo--xo,Win,1
-x-xo--xo,Win,1
ox-xo--xo,Lose,0
x-oxo--xo,Win,1
-xoxo--xo,Lose,2
xxoxo--xo,Win,1
--xxo--xo,Win,1
o-xxo--xo,Lose,0
-oxxo--xo,Tie,3
xoxxo--xo,Tie,2
----x--xo,Tie,6
o---x--xo,Win,1
-o--x--xo,Tie,5
xo--x--xo,Tie,4
ox--x--xo,Lose,0
--o-x--xo,Win,1
x-o-x--xo,Win,1
xoo-x--xo,Tie,3
-xo-x--xo,Lose,0
o-x-x--xo,Lose,2
-ox-x--xo,Tie,4
oox-x--xo,Win,1
---ox--xo,Win,1
x--ox--xo,Tie,4
xo-ox--xo,Tie,3
-x-ox--xo,Lose,0
x-oox--xo,Win,1
xxoox--xo,Lose,0
--xox--xo,Lose,2
o-xox--xo,Win,1
-oxox--xo,Win,1
xoxox--xo,Tie,2
oxxox--xo,Lose,0
o--xx--xo,Lose,2
-o-xx--xo,Tie,4
oo-xx--xo,Win,1
--oxx--xo,Win,1
o-oxx--xo,Win,1
-ooxx--xo,Win,1
xooxx--xo,Win,1
oxoxx--xo,Lose,0
ooxxx--xo,Lose,2
x----o-xo,Win,5
-x---o-xo,Win,1
xx---o-xo,Win,1
xxo--o-xo,Lose,0
--x--o-xo,Win,3
x-x--o-xo,Lose,4
xox--o-xo,Win,3
-xx--o-xo,Lose,2
oxx--o-xo,Win,1
xx-o-o-xo,Win,1
x-xo-o-xo,Win,1
-xxo-o-xo,Win,1
xxxo-o-xo,Lose,0
---x-o-xo,Win,5
x--x-o-xo,Win,1
xo-x-o-xo,Win,1
-x-x-o-xo,Win,1
ox-x-o-xo,Win,1
x-ox-o-xo,Lose,0
-xox-o-xo,Lose,0
--xx-o-xo,Lose,4
o-xx-o-xo,Win,3
-oxx-o-xo,Win,3
xoxx-o-xo,Tie,2
oxxx-o-xo,Win,1
xx--oo-xo,Win,1
x-x-oo-xo,Win,1
-xx-oo-xo,Win,1
xxx-oo-xo,Lose,0
x--xoo-xo,Win,1
-x-xoo-xo,Lose,2
xx-xoo-xo,Win,1
xxoxoo-xo,Lose,0
--xxoo-xo,Win,3
x-xxoo-xo,Lose,2
xoxxoo-xo,Win,1
-xxxoo-xo,Win,1
oxxxoo-xo,Lose,0
----xo-xo,Win,1
x---xo-xo,Win,1
xo--xo-xo,Tie,3
-x--xo-xo,Lose,0
x-o-xo-xo,Lose,0
--x-xo-xo,Lose,2
o-x-xo-xo,Win,1
-ox-xo-xo,Win,1
xox-xo-xo,Tie,2
oxx-xo-xo,Lose,0
x--oxo-xo,Win,1
xx-oxo-xo,Lose,0
--xoxo-xo,Win,1
x-xoxo-xo,Lose,2
xoxoxo-xo,Win,1
-xxoxo-xo,Lose,0
---xxo-xo,Win,1
o--xxo-xo,Win,1
-o-xxo-xo,Tie,3
xo-xxo-xo,Win,1
ox-xxo-xo,Lose,0
--oxxo-xo,Lose,0
xooxxo-xo,Lose,0
o-xxxo-xo,Lose,2
-oxxxo-xo,Tie,2
ooxxxo-xo,Win,1
-----x-xo,Tie,6
o----x-xo,Win,3
-o---x-xo,Tie,5
xo---x-xo,Tie,4
ox---x-xo,Win,1
--o--x-xo,Win,3
x-o--x-xo,Tie,4
xoo--x-xo,Win,3
-xo--x-xo,Win,3
oxo--x-xo,Win,1
o-x--x-xo,Win,1
-ox--x-xo,Tie,4
oox--x-xo,Win,3
---o-x-xo,Tie,5
x--o-x-xo,Tie,4
xo-o-x-xo,Tie,3
-x-o-x-xo,Tie,4
ox-o-x-xo,Win,1
x-oo-x-xo,Tie,3
-xoo-x-xo,Win,1
xxoo-x-xo,Tie,2
--xo-x-xo,Win,3
o-xo-x-xo,Lose,2
-oxo-x-xo,Tie,3
xoxo-x-xo,Tie,2
oxxo-x-xo,Win,1
o--x-x-xo,Win,1
-o-x-x-xo,Tie,4
oo-x-x-xo,Win,1
--ox-x-xo,Win,3
o-ox-x-xo,Win,1
-oox-x-xo,Win,1
xoox-x-xo,Lose,2
oxox-x-xo,Win,1
ooxx-x-xo,Win,1
----ox-xo,Tie,5
x---ox-xo,Tie,4
xo--ox-xo,Tie,3
-x--ox-xo,Win,1
ox--ox-xo,Lose,0
x-o-ox-xo,Tie,3
-xo-ox-xo,Lose,2
xxo-ox-xo,Win,1
--x-ox-xo,Win,1
o-x-ox-xo,Lose,0
-ox-ox-xo,Tie,3
xox-ox-xo,Tie,2
x--oox-xo,Tie,3
-x-oox-xo,Tie,3
xx-oox-xo,Tie,2
xxooox-xo,Tie,1
--xoox-xo,Tie,3
x-xoox-xo,Tie,2
xoxoox-xo,Tie,1
-xxoox-xo,Win,1
oxxoox-xo,Lose,0
---xox-xo,Win,1
o--xox-xo,Lose,0
-o-xox-xo,Tie,3
xo-xox-xo,Tie,2
--oxox-xo,Lose,2
x-oxox-xo,Win,1
xooxox-xo,Win,1
-xoxox-xo,Win,1
oxoxox-xo,Lose,0
-oxxox-xo,Win,1
ooxxox-xo,Lose,0
o---xx-xo,Lose,2
-o--xx-xo,Tie,4
oo--xx-xo,Win,1
--o-xx-xo,Lose,2
o-o-xx-xo,Win,1
-oo-xx-xo,Win,1
xoo-xx-xo,Tie,2
oxo-xx-xo,Lose,0
oox-xx-xo,Lose,2
---oxx-xo,Tie,4
o--oxx-xo,Win,1
-o-oxx-xo,Tie,3
xo-oxx-xo,Tie,2
ox-oxx-xo,Lose,0
--ooxx-xo,Win,1
x-ooxx-xo,Tie,2
xoooxx-xo,Tie,1
-xooxx-xo,Lose,0
o-xoxx-xo,Win,1
-oxoxx-xo,Tie,2
ooxoxx-xo,Win,1
oo-xxx-xo,Lose,0
o-oxxx-xo,Lose,0
-ooxxx-xo,Lose,0
x-----oxo,Win,3
-x----oxo,Win,1
xx----oxo,Lose,2
xxo---oxo,Win,1
--x---oxo,Win,3
x-x---oxo,Tie,4
xox---oxo,Tie,3
-xx---oxo,Lose,2
oxx---oxo,Win,1
xx-o--oxo,Win,1
x-xo--oxo,Win,1
-xxo--oxo,Win,1
xxxo--oxo,Lose,0
---x--oxo,Win,3
x--x--oxo,Win,3
xo-x--oxo,Tie,3
-x-x--oxo,Win,3
ox-x--oxo,Win,1
x-ox--oxo,Lose,2
-xox--oxo,Win,1
xxox--oxo,Win,1
--xx--oxo,Tie,4
o-xx--oxo,Win,3
-oxx--oxo,Tie,3
xoxx--oxo,Tie,2
oxxx--oxo,Win,1
xx--o-oxo,Win,1
x-x-o-oxo,Win,1
-xx-o-oxo,Win,1
xxx-o-oxo,Lose,0
x--xo-oxo,Tie,3
-x-xo-oxo,Lose,2
xx-xo-oxo,Win,1
xxoxo-oxo,Lose,0
--xxo-oxo,Tie,3
x-xxo-oxo,Tie,2
xoxxo-oxo,Tie,1
-xxxo-oxo,Win,1
oxxxo-oxo,Lose,0
----x-oxo,Win,1
x---x-oxo,Tie,4
xo--x-oxo,Tie,3
-x--x-oxo,Lose,0
x-o-x-oxo,Win,1
xxo-x-oxo,Lose,0
--x-x-oxo,Tie,4
o-x-x-oxo,Win,1
-ox-x-oxo,Tie,3
xox-x-oxo,Tie,2
oxx-x-oxo,Lose,0
x--ox-oxo,Win,1
xx-ox-oxo,Lose,0
--xox-oxo,Win,1
x-xox-oxo,Tie,2
xoxox-oxo,Tie,1
-xxox-oxo,Lose,0
---xx-oxo,Lose,2
o--xx-oxo,Win,1
-o-xx-oxo,Win,1
xo-xx-oxo,Tie,2
ox-xx-oxo,Lose,0
--oxx-oxo,Win,1
x-oxx-oxo,Win,1
xooxx-oxo,Win,1
-xoxx-oxo,Lose,0
o-xxx-oxo,Lose,2
-oxxx-oxo,Tie,2
ooxxx-oxo,Win,1
xx---ooxo,Win,1
x-x--ooxo,Win,1
-xx--ooxo,Win,1
xxx--ooxo,Lose,0
x--x-ooxo,Tie,3
-x-x-ooxo,Win,1
xx-x-ooxo,Win,1
xxox-ooxo,Lose,0
--xx-ooxo,Win,3
x-xx-ooxo,Tie,2
xoxx-ooxo,Tie,1
-xxx-ooxo,Lose,2
oxxx-ooxo,Win,1
xx-xoooxo,Win,1
x-xxoooxo,Win,1
-xxxoooxo,Win,1
xxxxoooxo,Lose,0
x---xooxo,Win,1
xx--xooxo,Lose,0
--x-xooxo,Win,1
x-x-xooxo,Tie,2
xox-xooxo,Tie,1
-xx-xooxo,Lose,0
x-xoxooxo,Win,1
xxxoxooxo,Lose,0
---xxooxo,Win,1
x--xxooxo,Win,1
xo-xxooxo,Tie,1
-x-xxooxo,Lose,0
x-oxxooxo,Lose,0
--xxxooxo,Tie,2
o-xxxooxo,Win,1
-oxxxooxo,Tie,1
xoxxxooxo,Tie,0
oxxxxooxo,Lose,0
-----xoxo,Win,3
x----xoxo,Tie,4
xo---xoxo,Tie,3
-x---xoxo,Win,3
ox---xoxo,Win,1
x-o--xoxo,Win,3
-xo--xoxo,Win,1
xxo--xoxo,Win,1
--x--xoxo,Win,3
o-x--xoxo,Lose,2
-ox--xoxo,Tie,3
xox--xoxo,Tie,2
oxx--xoxo,Win,1
x--o-xoxo,Win,3
-x-o-xoxo,Win,1
xx-o-xoxo,Lose,2
xxoo-xoxo,Win,1
--xo-xoxo,Tie,3
x-xo-xoxo,Tie,2
xoxo-xoxo,Tie,1
-xxo-xoxo,Win,1
oxxo-xoxo,Lose,0
---x-xoxo,Win,3
o--x-xoxo,Win,1
-o-x-xoxo,Win,1
xo-x-xoxo,Tie,2
ox-x-xoxo,Win,1
--ox-xoxo,Win,1
x-ox-xoxo,Win,1
xoox-xoxo,Win,1
-xox-xoxo,Win,1
oxox-xoxo,Win,1
o-xx-xoxo,Win,1
-oxx-xoxo,Tie,2
ooxx-xoxo,Win,1
x---oxoxo,Tie,3
-x--oxoxo,Lose,2
xx--oxoxo,Win,1
xxo-oxoxo,Lose,0
--x-oxoxo,Tie,3
x-x-oxoxo,Tie,2
xox-oxoxo,Tie,1
-xx-oxoxo,Win,1
oxx-oxoxo,Lose,0
xx-ooxoxo,Win,1
x-xooxoxo,Win,1
-xxooxoxo,Win,1
xxxooxoxo,Lose,0
---xoxoxo,Lose,2
x--xoxoxo,Win,1
xo-xoxoxo,Tie,1
-x-xoxoxo,Win,1
ox-xoxoxo,Lose,0
x-oxoxoxo,Lose,0
-xoxoxoxo,Lose,0
--xxoxoxo,Win,1
o-xxoxoxo,Lose,0
-oxxoxoxo,Tie,1
xoxxoxoxo,Tie,0
----xxoxo,Lose,2
o---xxoxo,Win,1
-o--xxoxo,Win,1
xo--xxoxo,Tie,2
ox--xxoxo,Lose,0
--o-xxoxo,Win,1
x-o-xxoxo,Lose,2
xoo-xxoxo,Win,1
-xo-xxoxo,Lose,0
o-x-xxoxo,Win,1
-ox-xxoxo,Tie,2
oox-xxoxo,Win,1
---oxxoxo,Win,1
x--oxxoxo,Tie,2
xo-oxxoxo,Tie,1
-x-oxxoxo,Lose,0
x-ooxxoxo,Win,1
xxooxxoxo,Lose,0
--xoxxoxo,Win,1
o-xoxxoxo,Lose,0
-oxoxxoxo,Tie,1
xoxoxxoxo,Tie,0
o--xxxoxo,Lose,0
-o-xxxoxo,Lose,0
--oxxxoxo,Lose,0
xooxxxoxo,Lose,0
oxoxxxoxo,Lose,0
ooxxxxoxo,Lose,0
------xxo,Win,5
o-----xxo,Win,3
-o----xxo,Tie,5
xo----xxo,Tie,4
ox----xxo,Win,1
--o---xxo,Lose,4
x-o---xxo,Win,1
xoo---xxo,Win,1
-xo---xxo,Win,1
oxo---xxo,Win,1
o-x---xxo,Win,1
-ox---xxo,Tie,4
oox---xxo,Win,1
---o--xxo,Win,3
x--o--xxo,Win,3
xo-o--xxo,Tie,3
-x-o--xxo,Win,3
ox-o--xxo,Win,1
x-oo--xxo,Tie,3
-xoo--xxo,Win,1
xxoo--xxo,Win,1
--xo--xxo,Win,3
o-xo--xxo,Win,1
-oxo--xxo,Win,1
xoxo--xxo,Tie,2
oxxo--xxo,Win,1
o--x--xxo,Win,1
-o-x--xxo,Win,3
oo-x--xxo,Lose,2
--ox--xxo,Win,1
o-ox--xxo,Lose,2
-oox--xxo,Win,1
xoox--xxo,Lose,0
oxox--xxo,Win,1
ooxx--xxo,Win,1
----o-xxo,Tie,5
x---o-xxo,Tie,4
xo--o-xxo,Win,1
-x--o-xxo,Win,1
ox--o-xxo,Lose,0
x-o-o-xxo,Win,1
-xo-o-xxo,Lose,2
xxo-o-xxo,Win,1
--x-o-xxo,Win,1
o-x-o-xxo,Lose,0
-ox-o-xxo,Tie,3
xox-o-xxo,Tie,2
x--oo-xxo,Tie,3
-x-oo-xxo,Lose,2
xx-oo-xxo,Win,1
xxooo-xxo,Tie,1
--xoo-xxo,Lose,2
x-xoo-xxo,Win,1
xoxoo-xxo,Tie,1
-xxoo-xxo,Win,1
oxxoo-xxo,Lose,0
---xo-xxo,Win,1
o--xo-xxo,Lose,0
-o-xo-xxo,Win,1
xo-xo-xxo,Lose,0
--oxo-xxo,Win,1
x-oxo-xxo,Lose,0
-xoxo-xxo,Win,1
oxoxo-xxo,Lose,0
-oxxo-xxo,Win,1
ooxxo-xxo,Lose,0
o---x-xxo,Lose,2
-o--x-xxo,Win,3
oo--x-xxo,Win,1
--o-x-xxo,Win,1
o-o-x-xxo,Win,1
-oo-x-xxo,Lose,2
xoo-x-xxo,Win,1
oxo-x-xxo,Lose,0
oox-x-xxo,Lose,0
---ox-xxo,Lose,2
o--ox-xxo,Win,1
-o-ox-xxo,Win,1
xo-ox-xxo,Tie,2
ox-ox-xxo,Lose,0
--oox-xxo,Win,1
x-oox-xxo,Win,1
xooox-xxo,Tie,1
-xoox-xxo,Lose,0
o-xox-xxo,Lose,0
-oxox-xxo,Lose,0
oo-xx-xxo,Win,1
o-oxx-xxo,Win,1
-ooxx-xxo,Win,1
oooxx-xxo,Lose,0
-----oxxo,Lose,4
x----oxxo,Win,1
xo---oxxo,Win,1
-x---oxxo,Win,1
ox---oxxo,Win,1
x-o--oxxo,Lose,0
-xo--oxxo,Lose,0
--x--oxxo,Win,3
o-x--oxxo,Win,1
-ox--oxxo,Win,1
xox--oxxo,Lose,2
oxx--oxxo,Win,1
x--o-oxxo,Lose,2
-x-o-oxxo,Win,1
xx-o-oxxo,Win,1
xxoo-oxxo,Lose,0
--xo-oxxo,Win,1
x-xo-oxxo,Win,1
xoxo-oxxo,Win,1
-xxo-oxxo,Win,1
oxxo-oxxo,Win,1
---x-oxxo,Win,1
o--x-oxxo,Lose,2
-o-x-oxxo,Win,1
xo-x-oxxo,Lose,0
ox-x-oxxo,Win,1
--ox-oxxo,Lose,0
oxox-oxxo,Lose,0
o-xx-oxxo,Win,1
-oxx-oxxo,Lose,2
ooxx-oxxo,Win,1
x---ooxxo,Win,1
-x--ooxxo,Lose,2
xx--ooxxo,Win,1
xxo-ooxxo,Lose,0
--x-ooxxo,Lose,2
x-x-ooxxo,Win,1
xox-ooxxo,Win,1
-xx-ooxxo,Win,1
oxx-ooxxo,Lose,0
xx-oooxxo,Lose,0
x-xoooxxo,Lose,0
-xxoooxxo,Lose,0
---xooxxo,Win,1
x--xooxxo,Lose,0
-x-xooxxo,Win,1
ox-xooxxo,Lose,0
-xoxooxxo,Lose,0
--xxooxxo,Win,1
o-xxooxxo,Lose,0
-oxxooxxo,Win,1
xoxxooxxo,Lose,0
----xoxxo,Win,1
o---xoxxo,Win,1
-o--xoxxo,Win,1
xo--xoxxo,Win,1
ox--xoxxo,Lose,0
--o-xoxxo,Lose,0
xoo-xoxxo,Lose,0
o-x-xoxxo,Lose,0
-ox-xoxxo,Lose,0
---oxoxxo,Win,1
x--oxoxxo,Win,1
xo-oxoxxo,Win,1
-x-oxoxxo,Lose,0
x-ooxoxxo,Lose,0
--xoxoxxo,Lose,0
xoxoxoxxo,Lose,0
oxxoxoxxo,Lose,0
o--xxoxxo,Win,1
-o-xxoxxo,Win,1
oo-xxoxxo,Win,1
o-oxxoxxo,Lose,0
-ooxxoxxo,Lose,0
ooxxxoxxo,Lose,0
o----xxxo,Win,1
-o---xxxo,Win,3
oo---xxxo,Lose,2
--o--xxxo,Win,3
o-o--xxxo,Lose,2
-oo--xxxo,Tie,3
xoo--xxxo,Tie,2
oxo--xxxo,Win,1
oox--xxxo,Win,1
---o-xxxo,Tie,4
o--o-xxxo,Win,3
-o-o-xxxo,Tie,3
xo-o-xxxo,Tie,2
ox-o-xxxo,Win,1
--oo-xxxo,Tie,3
x-oo-xxxo,Tie,2
xooo-xxxo,Tie,1
-xoo-xxxo,Tie,2
oxoo-xxxo,Win,1
o-xo-xxxo,Win,1
-oxo-xxxo,Tie,2
ooxo-xxxo,Win,1
oo-x-xxxo,Win,1
o-ox-xxxo,Win,1
-oox-xxxo,Win,1
ooox-xxxo,Lose,0
----oxxxo,Win,1
o---oxxxo,Lose,0
-o--oxxxo,Tie,3
xo--oxxxo,Tie,2
--o-oxxxo,Tie,3
x-o-oxxxo,Tie,2
xoo-oxxxo,Win,1
-xo-oxxxo,Win,1
oxo-oxxxo,Lose,0
-ox-oxxxo,Win,1
oox-oxxxo,Lose,0
---ooxxxo,Tie,3
x--ooxxxo,Tie,2
xo-ooxxxo,Tie,1
-x-ooxxxo,Win,1
ox-ooxxxo,Lose,0
x-oooxxxo,Tie,1
-xoooxxxo,Tie,1
xxoooxxxo,Tie,0
--xooxxxo,Win,1
o-xooxxxo,Lose,0
-oxooxxxo,Tie,1
xoxooxxxo,Tie,0
-o-xoxxxo,Win,1
oo-xoxxxo,Lose,0
--oxoxxxo,Win,1
o-oxoxxxo,Lose,0
-ooxoxxxo,Win,1
xooxoxxxo,Lose,0
oo--xxxxo,Win,1
o-o-xxxxo,Win,1
-oo-xxxxo,Win,1
ooo-xxxxo,Lose,0
o--oxxxxo,Lose,2
-o-oxxxxo,Tie,2
oo-oxxxxo,Win,1
--ooxxxxo,Tie,2
o-ooxxxxo,Win,1
-oooxxxxo,Tie,1
xoooxxxxo,Tie,0
oxooxxxxo,Lose,0
ooxoxxxxo,Lose,0
--------x,Tie,8
o-------x,Win,5
-o------x,Win,5
xo------x,Tie,6
ox------x,Tie,6
--o-----x,Win,5
x-o-----x,Lose,4
xoo-----x,Win,1
-xo-----x,Tie,6
oxo-----x,Win,3
o-x-----x,Lose,4
-ox-----x,Lose,4
oox-----x,Win,1
---o----x,Win,5
x--o----x,Tie,6
xo-o----x,Win,1
-x-o----x,Tie,6
ox-o----x,Win,5
x-oo----x,Win,1
-xoo----x,Win,3
xxoo----x,Win,3
--xo----x,Lose,4
o-xo----x,Win,1
-oxo----x,Win,1
xoxo----x,Lose,2
oxxo----x,Win,1
o--x----x,Tie,6
-o-x----x,Tie,6
oo-x----x,Win,5
--ox----x,Tie,6
o-ox----x,Tie,5
-oox----x,Win,3
xoox----x,Lose,2
oxox----x,Tie,4
ooxx----x,Lose,4
----o---x,Tie,7
x---o---x,Tie,6
xo--o---x,Tie,5
-x--o---x,Tie,6
ox--o---x,Tie,5
x-o-o---x,Win,3
-xo-o---x,Tie,5
xxo-o---x,Win,1
--x-o---x,Tie,6
o-x-o---x,Win,1
-ox-o---x,Win,1
xox-o---x,Win,1
oxx-o---x,Tie,4
x--oo---x,Tie,5
-x-oo---x,Tie,5
xx-oo---x,Win,1
xxooo---x,Lose,2
--xoo---x,Win,1
x-xoo---x,Win,1
xoxoo---x,Win,1
-xxoo---x,Win,1
oxxoo---x,Win,1
---xo---x,Tie,6
o--xo---x,Tie,5
-o-xo---x,Tie,5
xo-xo---x,Win,1
ox-xo---x,Tie,4
--oxo---x,Win,3
x-oxo---x,Win,1
xooxo---x,Win,1
-xoxo---x,Win,1
oxoxo---x,Tie,3
o-xxo---x,Tie,4
-oxxo---x,Win,1
ooxxo---x,Win,1
o---x---x,Tie,6
-o--x---x,Lose,4
oo--x---x,Win,3
--o-x---x,Tie,6
o-o-x---x,Tie,5
-oo-x---x,Win,1
xoo-x---x,Lose,0
oxo-x---x,Tie,4
oox-x---x,Lose,2
---ox---x,Lose,4
o--ox---x,Win,3
-o-ox---x,Win,1
xo-ox---x,Lose,0
ox-ox---x,Win,1
--oox---x,Win,1
x-oox---x,Lose,0
-xoox---x,Lose,2
oxoox---x,Win,1
o-xox---x,Win,1
-oxox---x,Lose,2
ooxox---x,Win,1
oo-xx---x,Win,1
o-oxx---x,Win,1
-ooxx---x,Win,1
oooxx---x,Lose,0
-----o--x,Win,5
x----o--x,Tie,6
xo---o--x,Win,1
-x---o--x,Tie,6
ox---o--x,Win,3
x-o--o--x,Win,1
-xo--o--x,Win,3
xxo--o--x,Win,3
--x--o--x,Tie,6
o-x--o--x,Win,3
-ox--o--x,Win,3
xox--o--x,Win,3
oxx--o--x,Win,3
x--o-o--x,Win,1
-x-o-o--x,Win,3
xx-o-o--x,Win,1
xxoo-o--x,Win,1
--xo-o--x,Win,3
x-xo-o--x,Win,1
xoxo-o--x,Win,1
-xxo-o--x,Win,1
oxxo-o--x,Lose,2
---x-o--x,Tie,6
o--x-o--x,Tie,5
-o-x-o--x,Win,3
xo-x-o--x,Lose,2
ox-x-o--x,Tie,4
--ox-o--x,Win,3
x-ox-o--x,Lose,2
xoox-o--x,Win,1
-xox-o--x,Lose,4
oxox-o--x,Win,3
o-xx-o--x,Tie,4
-oxx-o--x,Tie,4
ooxx-o--x,Win,3
x---oo--x,Tie,5
-x--oo--x,Tie,5
xx--oo--x,Win,1
xxo-oo--x,Lose,2
--x-oo--x,Tie,5
x-x-oo--x,Win,1
xox-oo--x,Lose,2
-xx-oo--x,Win,1
oxx-oo--x,Tie,3
xx-ooo--x,Lose,0
x-xooo--x,Lose,0
-xxooo--x,Lose,0
---xoo--x,Win,3
x--xoo--x,Tie,4
xo-xoo--x,Win,1
-x-xoo--x,Tie,4
ox-xoo--x,Tie,3
x-oxoo--x,Win,1
-xoxoo--x,Win,3
xxoxoo--x,Win,1
--xxoo--x,Tie,4
o-xxoo--x,Tie,3
-oxxoo--x,Tie,3
xoxxoo--x,Win,1
oxxxoo--x,Tie,2
----xo--x,Lose,4
o---xo--x,Win,3
-o--xo--x,Win,1
xo--xo--x,Lose,0
ox--xo--x,Tie,4
--o-xo--x,Win,1
x-o-xo--x,Lose,0
-xo-xo--x,Lose,2
oxo-xo--x,Win,1
o-x-xo--x,Tie,4
-ox-xo--x,Lose,2
oox-xo--x,Win,1
---oxo--x,Win,1
x--oxo--x,Lose,0
-x-oxo--x,Lose,2
ox-oxo--x,Win,1
-xooxo--x,Win,1
xxooxo--x,Lose,0
--xoxo--x,Lose,2
o-xoxo--x,Win,1
-oxoxo--x,Win,1
xoxoxo--x,Lose,0
oxxoxo--x,Win,1
o--xxo--x,Tie,4
-o-xxo--x,Tie,4
oo-xxo--x,Tie,3
--oxxo--x,Tie,4
o-oxxo--x,Tie,3
-ooxxo--x,Win,1
xooxxo--x,Lose,0
oxoxxo--x,Tie,2
ooxxxo--x,Tie,2
o----x--x,Win,5
-o---x--x,Win,5
oo---x--x,Win,1
--o--x--x,Win,5
o-o--x--x,Lose,4
-oo--x--x,Lose,4
xoo--x--x,Win,3
oxo--x--x,Win,3
oox--x--x,Lose,0
---o-x--x,Tie,6
o--o-x--x,Win,1
-o-o-x--x,Win,1
xo-o-x--x,Lose,2
ox-o-x--x,Win,1
--oo-x--x,Tie,5
x-oo-x--x,Tie,4
xooo-x--x,Win,1
-xoo-x--x,Win,3
oxoo-x--x,Tie,3
o-xo-x--x,Lose,0
-oxo-x--x,Lose,0
oo-x-x--x,Win,1
o-ox-x--x,Win,1
-oox-x--x,Win,1
ooox-x--x,Lose,0
----ox--x,Tie,6
o---ox--x,Win,1
-o--ox--x,Win,1
xo--ox--x,Win,1
ox--ox--x,Tie,4
--o-ox--x,Tie,5
x-o-ox--x,Win,1
xoo-ox--x,Lose,2
-xo-ox--x,Win,1
oxo-ox--x,Tie,3
o-x-ox--x,Lose,0
-ox-ox--x,Lose,0
---oox--x,Win,1
x--oox--x,Tie,4
xo-oox--x,Win,1
-x-oox--x,Tie,4
ox-oox--x,Win,1
x-ooox--x,Tie,3
-xooox--x,Tie,3
xxooox--x,Win,1
--xoox--x,Lose,0
xoxoox--x,Lose,0
oxxoox--x,Lose,0
o--xox--x,Win,3
-o-xox--x,Win,1
oo-xox--x,Win,1
--oxox--x,Win,1
o-oxox--x,Lose,2
-ooxox--x,Lose,2
xooxox--x,Win,1
oxoxox--x,Win,1
ooxxox--x,Lose,0
oo--xx--x,Win,1
o-o-xx--x,Win,1
-oo-xx--x,Win,1
ooo-xx--x,Lose,0
o--oxx--x,Win,1
-o-oxx--x,Lose,2
oo-oxx--x,Win,1
--ooxx--x,Win,3
o-ooxx--x,Lose,2
-oooxx--x,Win,1
xoooxx--x,Lose,0
oxooxx--x,Win,1
ooxoxx--x,Lose,0
------o-x,Win,5
x-----o-x,Lose,4
xo----o-x,Win,1
-x----o-x,Tie,6
ox----o-x,Tie,5
x-o---o-x,Win,1
-xo---o-x,Win,3
xxo---o-x,Win,1
--x---o-x,Lose,4
o-x---o-x,Win,1
-ox---o-x,Win,1
xox---o-x,Lose,2
oxx---o-x,Win,1
x--o--o-x,Win,1
-x-o--o-x,Win,3
xx-o--o-x,Lose,2
xxoo--o-x,Win,1
--xo--o-x,Win,1
x-xo--o-x,Lose,2
xoxo--o-x,Win,1
-xxo--o-x,Win,1
oxxo--o-x,Lose,0
---x--o-x,Tie,6
o--x--o-x,Win,3
-o-x--o-x,Win,3
xo-x--o-x,Win,3
ox-x--o-x,Tie,4
--ox--o-x,Win,3
x-ox--o-x,Win,1
xoox--o-x,Win,1
-xox--o-x,Win,1
oxox--o-x,Win,3
o-xx--o-x,Tie,4
-oxx--o-x,Tie,4
ooxx--o-x,Win,1
x---o-o-x,Win,3
-x--o-o-x,Win,3
xx--o-o-x,Win,1
xxo-o-o-x,Lose,0
--x-o-o-x,Win,1
x-x-o-o-x,Lose,2
xox-o-o-x,Win,1
-xx-o-o-x,Lose,2
oxx-o-o-x,Win,1
xx-oo-o-x,Win,1
x-xoo-o-x,Win,1
-xxoo-o-x,Win,1
xxxoo-o-x,Lose,0
---xo-o-x,Tie,5
x--xo-o-x,Win,1
xo-xo-o-x,Lose,2
-x-xo-o-x,Win,1
ox-xo-o-x,Tie,3
x-oxo-o-x,Lose,0
-xoxo-o-x,Lose,0
--xxo-o-x,Tie,4
o-xxo-o-x,Win,1
-oxxo-o-x,Win,1
xoxxo-o-x,Win,1
oxxxo-o-x,Tie,2
----x-o-x,Tie,6
o---x-o-x,Tie,5
-o--x-o-x,Win,1
xo--x-o-x,Lose,0
ox--x-o-x,Win,1
--o-x-o-x,Win,1
x-o-x-o-x,Lose,0
-xo-x-o-x,Lose,2
oxo-x-o-x,Win,1
o-x-x-o-x,Win,1
-ox-x-o-x,Lose,2
oox-x-o-x,Win,1
---ox-o-x,Win,1
x--ox-o-x,Lose,0
-x-ox-o-x,Win,1
ox-ox-o-x,Lose,0
-xoox-o-x,Win,1
xxoox-o-x,Lose,0
--xox-o-x,Win,1
o-xox-o-x,Lose,0
-oxox-o-x,Win,1
xoxox-o-x,Lose,0
o--xx-o-x,Tie,4
-o-xx-o-x,Lose,2
oo-xx-o-x,Win,1
--oxx-o-x,Lose,2
o-oxx-o-x,Win,1
-ooxx-o-x,Win,1
xooxx-o-x,Lose,0
oxoxx-o-x,Lose,2
ooxxx-o-x,Tie,2
x----oo-x,Win,1
-x---oo-x,Win,3
xx---oo-x,Lose,2
xxo--oo-x,Win,1
--x--oo-x,Win,3
x-x--oo-x,Lose,2
xox--oo-x,Win,1
-xx--oo-x,Tie,4
oxx--oo-x,Tie,3
xx-o-oo-x,Win,1
x-xo-oo-x,Win,1
-xxo-oo-x,Win,1
xxxo-oo-x,Lose,0
---x-oo-x,Tie,5
x--x-oo-x,Tie,4
xo-x-oo-x,Win,1
-x-x-oo-x,Tie,4
ox-x-oo-x,Tie,3
x-ox-oo-x,Win,1
-xox-oo-x,Win,3
xxox-oo-x,Win,1
--xx-oo-x,Tie,4
o-xx-oo-x,Tie,3
-oxx-oo-x,Tie,3
xoxx-oo-x,Tie,2
oxxx-oo-x,Tie,2
xx--ooo-x,Win,1
x-x-ooo-x,Win,1
-xx-ooo-x,Win,1
xxx-ooo-x,Lose,0
x--xooo-x,Tie,3
-x-xooo-x,Tie,3
xx-xooo-x,Win,1
xxoxooo-x,Lose,0
--xxooo-x,Tie,3
x-xxooo-x,Tie,2
xoxxooo-x,Tie,1
-xxxooo-x,Tie,2
oxxxooo-x,Tie,1
----xoo-x,Win,1
x---xoo-x,Lose,0
-x--xoo-x,Lose,2
ox--xoo-x,Win,1
-xo-xoo-x,Win,1
xxo-xoo-x,Lose,0
--x-xoo-x,Tie,4
o-x-xoo-x,Tie,3
-ox-xoo-x,Win,1
xox-xoo-x,Lose,0
oxx-xoo-x,Win,1
-x-oxoo-x,Win,1
xx-oxoo-x,Lose,0
--xoxoo-x,Win,1
x-xoxoo-x,Lose,0
-xxoxoo-x,Win,1
oxxoxoo-x,Lose,0
---xxoo-x,Tie,4
o--xxoo-x,Tie,3
-o-xxoo-x,Win,1
xo-xxoo-x,Lose,0
ox-xxoo-x,Tie,2
--oxxoo-x,Win,1
x-oxxoo-x,Lose,0
-xoxxoo-x,Lose,2
oxoxxoo-x,Win,1
o-xxxoo-x,Tie,2
-oxxxoo-x,Tie,2
ooxxxoo-x,Tie,1
-----xo-x,Lose,4
o----xo-x,Win,1
-o---xo-x,Win,1
xo---xo-x,Lose,2
ox---xo-x,Win,1
--o--xo-x,Win,3
x-o--xo-x,Win,1
xoo--xo-x,Win,1
-xo--xo-x,Win,1
oxo--xo-x,Lose,2
o-x--xo-x,Lose,0
-ox--xo-x,Lose,0
---o-xo-x,Win,1
x--o-xo-x,Lose,2
xo-o-xo-x,Win,1
-x-o-xo-x,Win,1
ox-o-xo-x,Lose,0
x-oo-xo-x,Win,1
-xoo-xo-x,Lose,2
xxoo-xo-x,Win,1
--xo-xo-x,Lose,0
xoxo-xo-x,Lose,0
o--x-xo-x,Lose,2
-o-x-xo-x,Lose,2
oo-x-xo-x,Win,1
--ox-xo-x,Win,1
o-ox-xo-x,Win,1
-oox-xo-x,Win,1
xoox-xo-x,Win,1
oxox-xo-x,Win,1
ooxx-xo-x,Lose,0
----oxo-x,Win,1
x---oxo-x,Win,1
xo--oxo-x,Win,1
-x--oxo-x,Win,1
ox--oxo-x,Win,1
x-o-oxo-x,Lose,0
-xo-oxo-x,Lose,0
--x-oxo-x,Lose,0
xox-oxo-x,Lose,0
oxx-oxo-x,Lose,0
x--ooxo-x,Win,1
-x-ooxo-x,Win,1
xx-ooxo-x,Win,1
xxoooxo-x,Lose,0
x-xooxo-x,Lose,0
-xxooxo-x,Lose,0
---xoxo-x,Win,1
o--xoxo-x,Win,1
-o-xoxo-x,Win,1
xo-xoxo-x,Win,1
ox-xoxo-x,Win,1
--oxoxo-x,Lose,0
xooxoxo-x,Lose,0
oxoxoxo-x,Lose,0
o-xxoxo-x,Lose,0
-oxxoxo-x,Lose,0
o---xxo-x,Win,1
-o--xxo-x,Lose,2
oo--xxo-x,Win,1
--o-xxo-x,Lose,2
o-o-xxo-x,Win,1
-oo-xxo-x,Win,1
xoo-xxo-x,Lose,0
oxo-xxo-x,Win,1
oox-xxo-x,Lose,0
---oxxo-x,Win,1
o--oxxo-x,Lose,0
-o-oxxo-x,Win,1
xo-oxxo-x,Lose,0
--ooxxo-x,Win,1
x-ooxxo-x,Lose,0
-xooxxo-x,Win,1
oxooxxo-x,Lose,0
-oxoxxo-x,Lose,0
oo-xxxo-x,Lose,0
o-oxxxo-x,Lose,0
-ooxxxo-x,Lose,0
o-----x-x,Lose,4
-o----x-x,Lose,4
oo----x-x,Win,1
--o---x-x,Lose,4
o-o---x-x,Win,1
-oo---x-x,Win,1
xoo---x-x,Lose,2
oxo---x-x,Tie,4
oox---x-x,Lose,2
---o--x-x,Lose,4
o--o--x-x,Win,1
-o-o--x-x,Win,1
xo-o--x-x,Lose,2
ox-o--x-x,Lose,4
--oo--x-x,Win,1
x-oo--x-x,Lose,2
xooo--x-x,Win,1
-xoo--x-x,Tie,4
oxoo--x-x,Win,1
o-xo--x-x,Lose,2
-oxo--x-x,Lose,2
ooxo--x-x,Win,1
oo-x--x-x,Win,1
o-ox--x-x,Win,1
-oox--x-x,Win,1
ooox--x-x,Lose,0
----o-x-x,Tie,6
o---o-x-x,Win,1
-o--o-x-x,Win,1
xo--o-x-x,Win,1
ox--o-x-x,Tie,4
--o-o-x-x,Win,1
x-o-o-x-x,Lose,2
xoo-o-x-x,Win,1
-xo-o-x-x,Tie,4
oxo-o-x-x,Win,1
o-x-o-x-x,Lose,2
-ox-o-x-x,Win,1
oox-o-x-x,Win,1
---oo-x-x,Win,1
x--oo-x-x,Win,1
xo-oo-x-x,Win,1
-x-oo-x-x,Win,1
ox-oo-x-x,Win,1
x-ooo-x-x,Win,1
-xooo-x-x,Win,1
xxooo-x-x,Win,1
--xoo-x-x,Win,1
o-xoo-x-x,Win,1
-oxoo-x-x,Win,1
xoxoo-x-x,Win,1
oxxoo-x-x,Win,1
o--xo-x-x,Tie,4
-o-xo-x-x,Win,1
oo-xo-x-x,Win,1
--oxo-x-x,Lose,2
o-oxo-x-x,Win,1
-ooxo-x-x,Win,1
xooxo-x-x,Lose,0
oxoxo-x-x,Tie,2
ooxxo-x-x,Win,1
oo--x-x-x,Win,1
o-o-x-x-x,Win,1
-oo-x-x-x,Win,1
ooo-x-x-x,Lose,0
o--ox-x-x,Lose,2
-o-ox-x-x,Lose,2
oo-ox-x-x,Win,1
--oox-x-x,Lose,2
o-oox-x-x,Win,1
-ooox-x-x,Win,1
xooox-x-x,Lose,0
oxoox-x-x,Tie,2
ooxox-x-x,Lose,0
-----ox-x,Lose,4
o----ox-x,Win,1
-o---ox-x,Win,1
xo---ox-x,Lose,2
ox---ox-x,Tie,4
--o--ox-x,Win,1
x-o--ox-x,Lose,2
xoo--ox-x,Win,1
-xo--ox-x,Lose,4
oxo--ox-x,Win,1
o-x--ox-x,Lose,2
-ox--ox-x,Lose,2
oox--ox-x,Win,1
---o-ox-x,Win,1
x--o-ox-x,Win,1
xo-o-ox-x,Win,1
-x-o-ox-x,Win,1
ox-o-ox-x,Win,1
x-oo-ox-x,Win,1
-xoo-ox-x,Win,1
xxoo-ox-x,Win,1
--xo-ox-x,Win,1
o-xo-ox-x,Win,1
-oxo-ox-x,Win,1
xoxo-ox-x,Win,1
oxxo-ox-x,Win,1
o--x-ox-x,Tie,4
-o-x-ox-x,Lose,2
oo-x-ox-x,Win,1
--ox-ox-x,Lose,2
o-ox-ox-x,Win,1
-oox-ox-x,Win,1
xoox-ox-x,Lose,0
oxox-ox-x,Tie,2
ooxx-ox-x,Lose,2
----oox-x,Win,1
x---oox-x,Win,1
xo--oox-x,Win,1
-x--oox-x,Win,1
ox--oox-x,Win,1
x-o-oox-x,Win,1
-xo-oox-x,Win,1
xxo-oox-x,Win,1
--x-oox-x,Win,1
o-x-oox-x,Win,1
-ox-oox-x,Win,1
xox-oox-x,Win,1
oxx-oox-x,Win,1
x--ooox-x,Lose,0
-x-ooox-x,Lose,0
xxoooox-x,Lose,0
--xooox-x,Lose,0
xoxooox-x,Lose,0
oxxooox-x,Lose,0
---xoox-x,Lose,2
o--xoox-x,Win,1
-o-xoox-x,Win,1
xo-xoox-x,Lose,0
ox-xoox-x,Tie,2
--oxoox-x,Win,1
x-oxoox-x,Lose,0
-xoxoox-x,Lose,2
oxoxoox-x,Win,1
o-xxoox-x,Tie,2
-oxxoox-x,Win,1
ooxxoox-x,Win,1
o---xox-x,Lose,2
-o--xox-x,Lose,2
oo--xox-x,Win,1
--o-xox-x,Lose,2
o-o-xox-x,Win,1
-oo-xox-x,Win,1
xoo-xox-x,Lose,0
oxo-xox-x,Tie,2
oox-xox-x,Lose,0
---oxox-x,Lose,2
o--oxox-x,Win,1
-o-oxox-x,Win,1
xo-oxox-x,Lose,0
ox-oxox-x,Lose,2
--ooxox-x,Win,1
x-ooxox-x,Lose,0
-xooxox-x,Lose,2
oxooxox-x,Win,1
o-xoxox-x,Lose,0
-oxoxox-x,Lose,0
oo-xxox-x,Win,1
o-oxxox-x,Win,1
-ooxxox-x,Win,1
oooxxox-x,Lose,0
oo---xx-x,Win,1
o-o--xx-x,Win,1
-oo--xx-x,Win,1
ooo--xx-x,Lose,0
o--o-xx-x,Lose,2
-o-o-xx-x,Lose,2
oo-o-xx-x,Win,1
--oo-xx-x,Tie,4
o-oo-xx-x,Win,1
-ooo-xx-x,Win,1
xooo-xx-x,Lose,2
oxoo-xx-x,Tie,2
ooxo-xx-x,Lose,0
o---oxx-x,Lose,2
-o--oxx-x,Win,1
oo--oxx-x,Win,1
--o-oxx-x,Tie,4
o-o-oxx-x,Win,1
-oo-oxx-x,Win,1
xoo-oxx-x,Win,1
oxo-oxx-x,Tie,2
oox-oxx-x,Lose,0
---ooxx-x,Lose,2
o--ooxx-x,Win,1
-o-ooxx-x,Win,1
xo-ooxx-x,Win,1
ox-ooxx-x,Lose,2
--oooxx-x,Win,1
x-oooxx-x,Tie,2
xooooxx-x,Win,1
-xoooxx-x,Tie,2
oxoooxx-x,Win,1
o-xooxx-x,Lose,0
-oxooxx-x,Lose,0
oo-xoxx-x,Win,1
o-oxoxx-x,Win,1
-ooxoxx-x,Win,1
oooxoxx-x,Lose,0
oo-oxxx-x,Win,1
o-ooxxx-x,Win,1
-oooxxx-x,Win,1
ooooxxx-x,Lose,0
-------ox,Win,5
x------ox,Tie,6
xo-----ox,Win,1
-x-----ox,Tie,6
ox-----ox,Tie,5
x-o----ox,Win,1
-xo----ox,Tie,5
xxo----ox,Tie,4
--x----ox,Lose,4
o-x----ox,Win,1
-ox----ox,Win,1
xox----ox,Win,1
oxx----ox,Tie,4
x--o---ox,Win,1
-x-o---ox,Win,3
xx-o---ox,Lose,2
xxoo---ox,Win,1
--xo---ox,Win,1
x-xo---ox,Lose,2
xoxo---ox,Win,1
-xxo---ox,Lose,2
oxxo---ox,Win,1
---x---ox,Tie,6
o--x---ox,Win,3
-o-x---ox,Win,3
xo-x---ox,Win,1
ox-x---ox,Tie,4
--ox---ox,Win,3
x-ox---ox,Lose,2
xoox---ox,Win,1
-xox---ox,Tie,4
oxox---ox,Tie,3
o-xx---ox,Tie,4
-oxx---ox,Win,1
ooxx---ox,Win,1
x---o--ox,Tie,5
-x--o--ox,Win,3
xx--o--ox,Tie,4
xxo-o--ox,Tie,3
--x-o--ox,Win,1
x-x-o--ox,Win,1
xox-o--ox,Lose,0
-xx-o--ox,Lose,2
oxx-o--ox,Win,1
xx-oo--ox,Win,1
x-xoo--ox,Win,1
-xxoo--ox,Win,1
xxxoo--ox,Lose,0
---xo--ox,Tie,5
x--xo--ox,Win,1
xo-xo--ox,Lose,0
-x-xo--ox,Tie,4
ox-xo--ox,Tie,3
x-oxo--ox,Win,1
-xoxo--ox,Tie,3
xxoxo--ox,Win,1
--xxo--ox,Win,1
o-xxo--ox,Win,1
-oxxo--ox,Lose,0
oxxxo--ox,Tie,2
----x--ox,Lose,4
o---x--ox,Win,3
-o--x--ox,Win,1
xo--x--ox,Lose,0
ox--x--ox,Tie,4
--o-x--ox,Win,1
x-o-x--ox,Lose,0
-xo-x--ox,Tie,4
oxo-x--ox,Tie,3
o-x-x--ox,Lose,2
-ox-x--ox,Lose,2
oox-x--ox,Win,1
---ox--ox,Win,1
x--ox--ox,Lose,0
-x-ox--ox,Tie,4
ox-ox--ox,Tie,3
-xoox--ox,Win,1
xxoox--ox,Lose,0
--xox--ox,Lose,2
o-xox--ox,Win,1
-oxox--ox,Win,1
xoxox--ox,Lose,0
oxxox--ox,Win,1
o--xx--ox,Tie,4
-o-xx--ox,Lose,2
oo-xx--ox,Win,1
--oxx--ox,Lose,2
o-oxx--ox,Win,1
-ooxx--ox,Win,1
xooxx--ox,Lose,0
oxoxx--ox,Tie,2
ooxxx--ox,Lose,2
x----o-ox,Win,1
-x---o-ox,Win,3
xx---o-ox,Lose,2
xxo--o-ox,Win,1
--x--o-ox,Win,3
x-x--o-ox,Lose,2
xox--o-ox,Win,1
-xx--o-ox,Tie,4
oxx--o-ox,Tie,3
xx-o-o-ox,Win,1
x-xo-o-ox,Win,1
-xxo-o-ox,Win,1
xxxo-o-ox,Lose,0
---x-o-ox,Win,3
x--x-o-ox,Lose,2
xo-x-o-ox,Win,1
-x-x-o-ox,Tie,4
ox-x-o-ox,Tie,3
x-ox-o-ox,Win,1
-xox-o-ox,Win,3
xxox-o-ox,Lose,2
--xx-o-ox,Tie,4
o-xx-o-ox,Tie,3
-oxx-o-ox,Win,3
xoxx-o-ox,Win,1
oxxx-o-ox,Tie,2
xx--oo-ox,Win,1
x-x-oo-ox,Win,1
-xx-oo-ox,Win,1
xxx-oo-ox,Lose,0
x--xoo-ox,Win,1
-x-xoo-ox,Win,3
xx-xoo-ox,Lose,2
xxoxoo-ox,Win,1
--xxoo-ox,Tie,3
x-xxoo-ox,Win,1
xoxxoo-ox,Lose,0
-xxxoo-ox,Tie,2
oxxxoo-ox,Tie,1
----xo-ox,Win,1
x---xo-ox,Lose,0
-x--xo-ox,Tie,4
ox--xo-ox,Tie,3
-xo-xo-ox,Win,1
xxo-xo-ox,Lose,0
--x-xo-ox,Lose,2
o-x-xo-ox,Win,1
-ox-xo-ox,Win,1
xox-xo-ox,Lose,0
oxx-xo-ox,Tie,2
-x-oxo-ox,Win,1
xx-oxo-ox,Lose,0
--xoxo-ox,Win,1
x-xoxo-ox,Lose,0
-xxoxo-ox,Lose,2
oxxoxo-ox,Win,1
---xxo-ox,Tie,4
o--xxo-ox,Tie,3
-o-xxo-ox,Win,1
xo-xxo-ox,Lose,0
ox-xxo-ox,Tie,2
--oxxo-ox,Win,1
x-oxxo-ox,Lose,0
-xoxxo-ox,Tie,2
oxoxxo-ox,Tie,1
o-xxxo-ox,Tie,2
-oxxxo-ox,Lose,2
ooxxxo-ox,Win,1
-----x-ox,Lose,4
o----x-ox,Win,1
-o---x-ox,Win,1
xo---x-ox,Win,1
ox---x-ox,Tie,4
--o--x-ox,Win,3
x-o--x-ox,Win,3
xoo--x-ox,Win,1
-xo--x-ox,Tie,4
oxo--x-ox,Tie,3
o-x--x-ox,Lose,0
-ox--x-ox,Lose,0
---o-x-ox,Win,1
x--o-x-ox,Lose,2
xo-o-x-ox,Win,1
-x-o-x-ox,Tie,4
ox-o-x-ox,Win,1
x-oo-x-ox,Win,1
-xoo-x-ox,Tie,3
xxoo-x-ox,Tie,2
--xo-x-ox,Lose,0
xoxo-x-ox,Lose,0
oxxo-x-ox,Lose,0
o--x-x-ox,Lose,2
-o-x-x-ox,Win,1
oo-x-x-ox,Win,1
--ox-x-ox,Win,3
o-ox-x-ox,Win,1
-oox-x-ox,Win,1
xoox-x-ox,Win,1
oxox-x-ox,Tie,2
ooxx-x-ox,Lose,0
----ox-ox,Win,1
x---ox-ox,Win,1
xo--ox-ox,Lose,0
-x--ox-ox,Tie,4
ox--ox-ox,Win,1
x-o-ox-ox,Lose,2
-xo-ox-ox,Tie,3
xxo-ox-ox,Win,1
--x-ox-ox,Lose,0
oxx-ox-ox,Lose,0
x--oox-ox,Win,1
-x-oox-ox,Win,1
xx-oox-ox,Tie,2
xxooox-ox,Tie,1
x-xoox-ox,Lose,0
-xxoox-ox,Lose,0
---xox-ox,Win,1
o--xox-ox,Win,1
-o-xox-ox,Lose,0
ox-xox-ox,Tie,2
--oxox-ox,Lose,2
x-oxox-ox,Win,1
xooxox-ox,Lose,0
-xoxox-ox,Win,1
oxoxox-ox,Tie,1
o-xxox-ox,Lose,0
o---xx-ox,Lose,2
-o--xx-ox,Lose,2
oo--xx-ox,Win,1
--o-xx-ox,Lose,2
o-o-xx-ox,Win,1
-oo-xx-ox,Win,1
xoo-xx-ox,Lose,0
oxo-xx-ox,Tie,2
oox-xx-ox,Lose,0
---oxx-ox,Lose,2
o--oxx-ox,Win,1
-o-oxx-ox,Win,1
xo-oxx-ox,Lose,0
ox-oxx-ox,Win,1
--ooxx-ox,Win,1
x-ooxx-ox,Lose,0
-xooxx-ox,Tie,2
oxooxx-ox,Tie,1
o-xoxx-ox,Lose,0
-oxoxx-ox,Lose,0
oo-xxx-ox,Lose,0
o-oxxx-ox,Lose,0
-ooxxx-ox,Lose,0
x-----oox,Win,1
-x----oox,Win,3
xx----oox,Lose,2
xxo---oox,Win,1
--x---oox,Win,1
x-x---oox,Lose,2
xox---oox,Win,1
-xx---oox,Lose,2
oxx---oox,Win,1
xx-o--oox,Win,1
x-xo--oox,Win,1
-xxo--oox,Win,1
xxxo--oox,Lose,0
---x--oox,Win,3
x--x--oox,Win,3
xo-x--oox,Win,1
-x-x--oox,Lose,4
ox-x--oox,Win,3
x-ox--oox,Win,1
-xox--oox,Win,3
xxox--oox,Win,1
--xx--oox,Lose,4
o-xx--oox,Win,1
-oxx--oox,Win,1
xoxx--oox,Win,1
oxxx--oox,Tie,2
xx--o-oox,Win,1
x-x-o-oox,Win,1
-xx-o-oox,Win,1
xxx-o-oox,Lose,0
x--xo-oox,Lose,2
-x-xo-oox,Win,3
xx-xo-oox,Win,1
xxoxo-oox,Lose,0
--xxo-oox,Win,1
x-xxo-oox,Win,1
xoxxo-oox,Lose,0
-xxxo-oox,Lose,2
oxxxo-oox,Win,1
----x-oox,Win,1
x---x-oox,Lose,0
-x--x-oox,Tie,4
ox--x-oox,Tie,3
-xo-x-oox,Win,1
xxo-x-oox,Lose,0
--x-x-oox,Lose,2
o-x-x-oox,Win,1
-ox-x-oox,Win,1
xox-x-oox,Lose,0
oxx-x-oox,Win,1
-x-ox-oox,Win,1
xx-ox-oox,Lose,0
--xox-oox,Win,1
x-xox-oox,Lose,0
-xxox-oox,Win,1
oxxox-oox,Lose,0
---xx-oox,Lose,2
o--xx-oox,Win,1
-o-xx-oox,Win,1
xo-xx-oox,Lose,0
ox-xx-oox,Tie,2
--oxx-oox,Win,1
x-oxx-oox,Lose,0
-xoxx-oox,Lose,2
oxoxx-oox,Win,1
o-xxx-oox,Tie,2
-oxxx-oox,Lose,2
ooxxx-oox,Win,1
xx---ooox,Win,1
x-x--ooox,Win,1
-xx--ooox,Win,1
xxx--ooox,Lose,0
x--x-ooox,Win,1
-x-x-ooox,Win,3
xx-x-ooox,Lose,2
xxox-ooox,Win,1
--xx-ooox,Win,3
x-xx-ooox,Lose,2
xoxx-ooox,Win,1
-xxx-ooox,Tie,2
oxxx-ooox,Tie,1
xx-xoooox,Win,1
x-xxoooox,Win,1
-xxxoooox,Win,1
xxxxoooox,Lose,0
-x--xooox,Win,1
xx--xooox,Lose,0
--x-xooox,Win,1
x-x-xooox,Lose,0
-xx-xooox,Tie,2
oxx-xooox,Tie,1
-xxoxooox,Win,1
xxxoxooox,Lose,0
---xxooox,Win,1
x--xxooox,Lose,0
-x-xxooox,Tie,2
ox-xxooox,Tie,1
-xoxxooox,Win,1
xxoxxooox,Lose,0
--xxxooox,Tie,2
o-xxxooox,Tie,1
-oxxxooox,Win,1
xoxxxooox,Lose,0
oxxxxooox,Tie,0
-----xoox,Win,1
x----xoox,Lose,2
xo---xoox,Win,1
-x---xoox,Lose,4
ox---xoox,Win,1
x-o--xoox,Win,1
-xo--xoox,Win,3
xxo--xoox,Win,1
--x--xoox,Lose,0
xox--xoox,Lose,0
oxx--xoox,Lose,0
x--o-xoox,Win,1
-x-o-xoox,Win,1
xx-o-xoox,Lose,2
xxoo-xoox,Win,1
x-xo-xoox,Lose,0
-xxo-xoox,Lose,0
---x-xoox,Lose,2
o--x-xoox,Win,1
-o-x-xoox,Win,1
xo-x-xoox,Win,1
ox-x-xoox,Lose,2
--ox-xoox,Win,1
x-ox-xoox,Win,1
xoox-xoox,Win,1
-xox-xoox,Win,1
oxox-xoox,Win,1
o-xx-xoox,Lose,0
-oxx-xoox,Lose,0
x---oxoox,Win,1
-x--oxoox,Win,1
xx--oxoox,Win,1
xxo-oxoox,Lose,0
x-x-oxoox,Lose,0
-xx-oxoox,Lose,0
xx-ooxoox,Win,1
xxxooxoox,Lose,0
---xoxoox,Win,1
x--xoxoox,Win,1
xo-xoxoox,Lose,0
-x-xoxoox,Win,1
ox-xoxoox,Win,1
x-oxoxoox,Lose,0
-xoxoxoox,Lose,0
--xxoxoox,Lose,0
oxxxoxoox,Lose,0
----xxoox,Lose,2
o---xxoox,Win,1
-o--xxoox,Win,1
xo--xxoox,Lose,0
ox--xxoox,Win,1
--o-xxoox,Win,1
x-o-xxoox,Lose,0
-xo-xxoox,Lose,2
oxo-xxoox,Win,1
o-x-xxoox,Lose,0
-ox-xxoox,Lose,0
---oxxoox,Win,1
x--oxxoox,Lose,0
-x-oxxoox,Win,1
ox-oxxoox,Lose,0
-xooxxoox,Win,1
xxooxxoox,Lose,0
--xoxxoox,Lose,0
xoxoxxoox,Lose,0
o--xxxoox,Lose,0
-o-xxxoox,Lose,0
--oxxxoox,Lose,0
xooxxxoox,Lose,0
oxoxxxoox,Lose,0
ooxxxxoox,Lose,0
------xox,Tie,6
o-----xox,Win,3
-o----xox,Win,3
xo----xox,Win,1
ox----xox,Tie,4
--o---xox,Win,3
x-o---xox,Lose,2
xoo---xox,Win,1
-xo---xox,Tie,4
oxo---xox,Tie,3
o-x---xox,Lose,2
-ox---xox,Win,1
oox---xox,Win,1
---o--xox,Win,3
x--o--xox,Win,3
xo-o--xox,Win,1
-x-o--xox,Tie,4
ox-o--xox,Win,3
x-oo--xox,Win,1
-xoo--xox,Tie,3
xxoo--xox,Tie,2
--xo--xox,Lose,2
o-xo--xox,Win,1
-oxo--xox,Win,1
xoxo--xox,Win,1
oxxo--xox,Lose,2
o--x--xox,Win,3
-o-x--xox,Win,1
oo-x--xox,Lose,2
--ox--xox,Tie,4
o-ox--xox,Tie,3
-oox--xox,Win,1
xoox--xox,Lose,0
oxox--xox,Tie,2
ooxx--xox,Win,1
----o-xox,Tie,5
x---o-xox,Win,1
xo--o-xox,Lose,0
-x--o-xox,Tie,4
ox--o-xox,Tie,3
x-o-o-xox,Win,1
-xo-o-xox,Tie,3
xxo-o-xox,Tie,2
--x-o-xox,Win,1
o-x-o-xox,Win,1
-ox-o-xox,Lose,0
oxx-o-xox,Tie,2
x--oo-xox,Lose,2
-x-oo-xox,Tie,3
xx-oo-xox,Win,1
xxooo-xox,Tie,1
--xoo-xox,Win,1
x-xoo-xox,Win,1
xoxoo-xox,Lose,0
-xxoo-xox,Win,1
oxxoo-xox,Win,1
---xo-xox,Win,1
o--xo-xox,Tie,3
-o-xo-xox,Lose,0
ox-xo-xox,Tie,2
--oxo-xox,Win,1
x-oxo-xox,Lose,0
-xoxo-xox,Tie,2
oxoxo-xox,Tie,1
o-xxo-xox,Win,1
ooxxo-xox,Lose,0
o---x-xox,Tie,4
-o--x-xox,Lose,2
oo--x-xox,Win,1
--o-x-xox,Tie,4
o-o-x-xox,Tie,3
-oo-x-xox,Win,1
xoo-x-xox,Lose,0
oxo-x-xox,Tie,2
oox-x-xox,Lose,0
---ox-xox,Lose,2
o--ox-xox,Win,1
-o-ox-xox,Win,1
xo-ox-xox,Lose,0
ox-ox-xox,Tie,2
--oox-xox,Win,1
x-oox-xox,Lose,0
-xoox-xox,Tie,2
oxoox-xox,Tie,1
o-xox-xox,Lose,0
-oxox-xox,Lose,0
oo-xx-xox,Win,1
o-oxx-xox,Win,1
-ooxx-xox,Win,1
oooxx-xox,Lose,0
-----oxox,Win,3
x----oxox,Lose,2
xo---oxox,Win,1
-x---oxox,Tie,4
ox---oxox,Tie,3
x-o--oxox,Win,1
-xo--oxox,Win,3
xxo--oxox,Lose,2
--x--oxox,Win,3
o-x--oxox,Win,1
-ox--oxox,Win,1
xox--oxox,Win,1
oxx--oxox,Tie,2
x--o-oxox,Win,1
-x-o-oxox,Win,3
xx-o-oxox,Win,1
xxoo-oxox,Win,1
--xo-oxox,Win,1
x-xo-oxox,Win,1
xoxo-oxox,Win,1
-xxo-oxox,Win,1
oxxo-oxox,Win,1
---x-oxox,Tie,4
o--x-oxox,Tie,3
-o-x-oxox,Win,1
xo-x-oxox,Lose,0
ox-x-oxox,Tie,2
--ox-oxox,Win,1
x-ox-oxox,Lose,0
-xox-oxox,Tie,2
oxox-oxox,Tie,1
o-xx-oxox,Tie,2
-oxx-oxox,Win,1
ooxx-oxox,Win,1
x---ooxox,Win,1
-x--ooxox,Tie,3
xx--ooxox,Win,1
xxo-ooxox,Win,1
--x-ooxox,Lose,2
x-x-ooxox,Win,1
xox-ooxox,Lose,0
-xx-ooxox,Win,1
oxx-ooxox,Tie,1
xx-oooxox,Lose,0
x-xoooxox,Lose,0
-xxoooxox,Lose,0
---xooxox,Win,1
x--xooxox,Lose,0
-x-xooxox,Tie,2
ox-xooxox,Tie,1
-xoxooxox,Win,1
xxoxooxox,Lose,0
--xxooxox,Win,1
o-xxooxox,Tie,1
-oxxooxox,Lose,0
oxxxooxox,Tie,0
----xoxox,Lose,2
o---xoxox,Win,1
-o--xoxox,Win,1
xo--xoxox,Lose,0
ox--xoxox,Tie,2
--o-xoxox,Win,1
x-o-xoxox,Lose,0
-xo-xoxox,Tie,2
oxo-xoxox,Tie,1
o-x-xoxox,Lose,0
-ox-xoxox,Lose,0
---oxoxox,Win,1
x--oxoxox,Lose,0
-x-oxoxox,Lose,2
ox-oxoxox,Win,1
-xooxoxox,Win,1
xxooxoxox,Lose,0
--xoxoxox,Lose,0
xoxoxoxox,Lose,0
oxxoxoxox,Lose,0
o--xxoxox,Tie,2
-o-xxoxox,Lose,2
oo-xxoxox,Win,1
--oxxoxox,Tie,2
o-oxxoxox,Tie,1
-ooxxoxox,Win,1
xooxxoxox,Lose,0
oxoxxoxox,Tie,0
ooxxxoxox,Lose,0
o----xxox,Tie,4
-o---xxox,Win,1
oo---xxox,Win,1
--o--xxox,Win,3
o-o--xxox,Tie,3
-oo--xxox,Lose,2
xoo--xxox,Win,1
oxo--xxox,Tie,2
oox--xxox,Lose,0
---o-xxox,Tie,4
o--o-xxox,Win,1
-o-o-xxox,Win,1
xo-o-xxox,Win,1
ox-o-xxox,Tie,2
--oo-xxox,Tie,3
x-oo-xxox,Tie,2
xooo-xxox,Win,1
-xoo-xxox,Tie,2
oxoo-xxox,Tie,1
o-xo-xxox,Lose,0
-oxo-xxox,Lose,0
oo-x-xxox,Win,1
o-ox-xxox,Win,1
-oox-xxox,Win,1
ooox-xxox,Lose,0
----oxxox,Win,1
o---oxxox,Win,1
-o--oxxox,Lose,0
ox--oxxox,Tie,2
--o-oxxox,Tie,3
x-o-oxxox,Win,1
xoo-oxxox,Lose,0
-xo-oxxox,Tie,2
oxo-oxxox,Tie,1
o-x-oxxox,Lose,0
---ooxxox,Win,1
x--ooxxox,Win,1
xo-ooxxox,Lose,0
-x-ooxxox,Tie,2
ox-ooxxox,Win,1
x-oooxxox,Tie,1
-xoooxxox,Tie,1
xxoooxxox,Tie,0
--xooxxox,Lose,0
oxxooxxox,Lose,0
o--xoxxox,Win,1
oo-xoxxox,Lose,0
--oxoxxox,Win,1
o-oxoxxox,Tie,1
-ooxoxxox,Lose,0
oxoxoxxox,Tie,0
oo--xxxox,Win,1
o-o-xxxox,Win,1
-oo-xxxox,Win,1
ooo-xxxox,Lose,0
o--oxxxox,Tie,2
-o-oxxxox,Lose,2
oo-oxxxox,Win,1
--ooxxxox,Tie,2
o-ooxxxox,Tie,1
-oooxxxox,Win,1
xoooxxxox,Lose,0
oxooxxxox,Tie,0
ooxoxxxox,Lose,0
o------xx,Win,5
-o-----xx,Tie,6
oo-----xx,Win,1
--o----xx,Lose,4
o-o----xx,Win,1
-oo----xx,Win,1
xoo----xx,Lose,2
oxo----xx,Lose,2
oox----xx,Lose,2
---o---xx,Win,5
o--o---xx,Win,1
-o-o---xx,Win,1
xo-o---xx,Lose,2
ox-o---xx,Win,1
--oo---xx,Win,1
x-oo---xx,Lose,2
xooo---xx,Win,1
-xoo---xx,Lose,2
oxoo---xx,Win,1
o-xo---xx,Win,1
-oxo---xx,Lose,2
ooxo---xx,Win,1
oo-x---xx,Win,1
o-ox---xx,Win,1
-oox---xx,Win,1
ooox---xx,Lose,0
----o--xx,Tie,6
o---o--xx,Win,1
-o--o--xx,Win,1
xo--o--xx,Tie,4
ox--o--xx,Win,3
--o-o--xx,Win,1
x-o-o--xx,Win,1
xoo-o--xx,Win,1
-xo-o--xx,Win,1
oxo-o--xx,Win,1
o-x-o--xx,Lose,2
-ox-o--xx,Lose,2
oox-o--xx,Win,1
---oo--xx,Win,1
x--oo--xx,Win,1
xo-oo--xx,Win,1
-x-oo--xx,Win,1
ox-oo--xx,Win,1
x-ooo--xx,Win,1
-xooo--xx,Win,1
xxooo--xx,Win,1
--xoo--xx,Win,1
o-xoo--xx,Win,1
-oxoo--xx,Win,1
xoxoo--xx,Win,1
oxxoo--xx,Win,1
o--xo--xx,Tie,4
-o-xo--xx,Tie,4
oo-xo--xx,Win,1
--oxo--xx,Win,1
o-oxo--xx,Win,1
-ooxo--xx,Win,1
xooxo--xx,Win,1
oxoxo--xx,Win,1
ooxxo--xx,Lose,2
oo--x--xx,Win,1
o-o-x--xx,Win,1
-oo-x--xx,Win,1
ooo-x--xx,Lose,0
o--ox--xx,Win,1
-o-ox--xx,Lose,2
oo-ox--xx,Win,1
--oox--xx,Lose,2
o-oox--xx,Win,1
-ooox--xx,Win,1
xooox--xx,Lose,0
oxoox--xx,Lose,0
ooxox--xx,Win,1
-----o-xx,Lose,4
o----o-xx,Win,1
-o---o-xx,Win,1
xo---o-xx,Lose,2
ox---o-xx,Lose,2
--o--o-xx,Win,1
x-o--o-xx,Lose,2
xoo--o-xx,Win,1
-xo--o-xx,Lose,2
oxo--o-xx,Win,1
o-x--o-xx,Tie,4
-ox--o-xx,Tie,4
oox--o-xx,Win,1
---o-o-xx,Win,1
x--o-o-xx,Win,1
xo-o-o-xx,Win,1
-x-o-o-xx,Win,1
ox-o-o-xx,Win,1
x-oo-o-xx,Win,1
-xoo-o-xx,Win,1
xxoo-o-xx,Win,1
--xo-o-xx,Win,1
o-xo-o-xx,Win,1
-oxo-o-xx,Win,1
xoxo-o-xx,Win,1
oxxo-o-xx,Win,1
o--x-o-xx,Tie,4
-o-x-o-xx,Tie,4
oo-x-o-xx,Win,1
--ox-o-xx,Lose,4
o-ox-o-xx,Win,1
-oox-o-xx,Win,1
xoox-o-xx,Lose,2
oxox-o-xx,Lose,2
ooxx-o-xx,Tie,2
----oo-xx,Win,1
x---oo-xx,Win,1
xo--oo-xx,Win,1
-x--oo-xx,Win,1
ox--oo-xx,Win,1
x-o-oo-xx,Win,1
-xo-oo-xx,Win,1
xxo-oo-xx,Win,1
--x-oo-xx,Win,1
o-x-oo-xx,Win,1
-ox-oo-xx,Win,1
xox-oo-xx,Win,1
oxx-oo-xx,Win,1
x--ooo-xx,Lose,0
-x-ooo-xx,Lose,0
xxoooo-xx,Lose,0
--xooo-xx,Lose,0
xoxooo-xx,Lose,0
oxxooo-xx,Lose,0
---xoo-xx,Tie,4
o--xoo-xx,Win,1
-o-xoo-xx,Win,1
xo-xoo-xx,Tie,2
ox-xoo-xx,Tie,2
--oxoo-xx,Win,1
x-oxoo-xx,Win,1
xooxoo-xx,Win,1
-xoxoo-xx,Win,1
oxoxoo-xx,Win,1
o-xxoo-xx,Tie,2
-oxxoo-xx,Tie,2
ooxxoo-xx,Win,1
o---xo-xx,Lose,2
-o--xo-xx,Lose,2
oo--xo-xx,Win,1
--o-xo-xx,Lose,2
o-o-xo-xx,Win,1
-oo-xo-xx,Win,1
xoo-xo-xx,Lose,0
oxo-xo-xx,Lose,0
oox-xo-xx,Tie,2
---oxo-xx,Lose,2
o--oxo-xx,Win,1
-o-oxo-xx,Win,1
xo-oxo-xx,Lose,0
ox-oxo-xx,Lose,0
--ooxo-xx,Win,1
x-ooxo-xx,Lose,0
-xooxo-xx,Lose,0
o-xoxo-xx,Win,1
-oxoxo-xx,Lose,2
ooxoxo-xx,Win,1
oo-xxo-xx,Win,1
o-oxxo-xx,Win,1
-ooxxo-xx,Win,1
oooxxo-xx,Lose,0
oo---x-xx,Win,1
o-o--x-xx,Win,1
-oo--x-xx,Win,1
ooo--x-xx,Lose,0
o--o-x-xx,Win,1
-o-o-x-xx,Lose,2
oo-o-x-xx,Win,1
--oo-x-xx,Win,3
o-oo-x-xx,Win,1
-ooo-x-xx,Win,1
xooo-x-xx,Lose,2
oxoo-x-xx,Win,1
ooxo-x-xx,Lose,0
o---ox-xx,Lose,2
-o--ox-xx,Lose,2
oo--ox-xx,Win,1
--o-ox-xx,Win,1
o-o-ox-xx,Win,1
-oo-ox-xx,Win,1
xoo-ox-xx,Win,1
oxo-ox-xx,Win,1
oox-ox-xx,Lose,0
---oox-xx,Lose,2
o--oox-xx,Win,1
-o-oox-xx,Win,1
xo-oox-xx,Lose,2
ox-oox-xx,Win,1
--ooox-xx,Win,1
x-ooox-xx,Win,1
xoooox-xx,Win,1
-xooox-xx,Win,1
oxooox-xx,Win,1
o-xoox-xx,Lose,0
-oxoox-xx,Lose,0
oo-xox-xx,Win,1
o-oxox-xx,Win,1
-ooxox-xx,Win,1
oooxox-xx,Lose,0
oo-oxx-xx,Win,1
o-ooxx-xx,Win,1
-oooxx-xx,Win,1
ooooxx-xx,Lose,0
------oxx,Win,5
o-----oxx,Lose,4
-o----oxx,Tie,5
xo----oxx,Tie,4
ox----oxx,Win,1
--o---oxx,Win,3
x-o---oxx,Win,1
xoo---oxx,Win,1
-xo---oxx,Win,1
oxo---oxx,Win,1
o-x---oxx,Win,1
-ox---oxx,Tie,4
oox---oxx,Win,1
---o--oxx,Lose,4
x--o--oxx,Win,3
xo-o--oxx,Win,1
-x-o--oxx,Win,1
ox-o--oxx,Lose,0
x-oo--oxx,Win,1
-xoo--oxx,Win,1
xxoo--oxx,Win,1
--xo--oxx,Win,1
o-xo--oxx,Lose,0
-oxo--oxx,Win,1
xoxo--oxx,Lose,2
o--x--oxx,Win,3
-o-x--oxx,Win,3
oo-x--oxx,Tie,3
--ox--oxx,Win,1
o-ox--oxx,Lose,2
-oox--oxx,Lose,2
xoox--oxx,Win,1
oxox--oxx,Win,1
ooxx--oxx,Tie,2
----o-oxx,Tie,5
x---o-oxx,Win,1
xo--o-oxx,Tie,3
-x--o-oxx,Win,1
ox--o-oxx,Lose,2
x-o-o-oxx,Lose,0
-xo-o-oxx,Lose,0
--x-o-oxx,Tie,4
o-x-o-oxx,Win,1
-ox-o-oxx,Win,1
xox-o-oxx,Tie,2
oxx-o-oxx,Win,1
x--oo-oxx,Lose,2
-x-oo-oxx,Lose,2
xx-oo-oxx,Win,1
xxooo-oxx,Lose,0
--xoo-oxx,Win,1
x-xoo-oxx,Win,1
xoxoo-oxx,Win,1
-xxoo-oxx,Win,1
oxxoo-oxx,Lose,0
---xo-oxx,Win,1
o--xo-oxx,Tie,3
-o-xo-oxx,Tie,3
xo-xo-oxx,Win,1
ox-xo-oxx,Win,1
--oxo-oxx,Lose,0
xooxo-oxx,Lose,0
oxoxo-oxx,Lose,0
o-xxo-oxx,Tie,2
-oxxo-oxx,Tie,2
ooxxo-oxx,Win,1
o---x-oxx,Win,1
-o--x-oxx,Win,3
oo--x-oxx,Lose,2
--o-x-oxx,Lose,2
o-o-x-oxx,Win,1
-oo-x-oxx,Win,1
xoo-x-oxx,Lose,0
oxo-x-oxx,Lose,0
oox-x-oxx,Win,1
---ox-oxx,Win,1
o--ox-oxx,Lose,0
-o-ox-oxx,Win,1
xo-ox-oxx,Lose,0
--oox-oxx,Win,1
x-oox-oxx,Lose,0
-xoox-oxx,Lose,0
-oxox-oxx,Win,1
ooxox-oxx,Lose,0
oo-xx-oxx,Win,1
o-oxx-oxx,Win,1
-ooxx-oxx,Win,1
oooxx-oxx,Lose,0
-----ooxx,Win,3
x----ooxx,Win,3
xo---ooxx,Win,1
-x---ooxx,Win,3
ox---ooxx,Win,1
x-o--ooxx,Win,1
-xo--ooxx,Win,1
xxo--ooxx,Win,1
--x--ooxx,Win,3
o-x--ooxx,Tie,3
-ox--ooxx,Tie,3
xox--ooxx,Tie,2
oxx--ooxx,Win,1
x--o-ooxx,Win,1
-x-o-ooxx,Win,1
xx-o-ooxx,Win,1
xxoo-ooxx,Win,1
--xo-ooxx,Lose,2
x-xo-ooxx,Win,1
xoxo-ooxx,Win,1
-xxo-ooxx,Win,1
oxxo-ooxx,Lose,0
---x-ooxx,Tie,4
o--x-ooxx,Tie,3
-o-x-ooxx,Tie,3
xo-x-ooxx,Tie,2
ox-x-ooxx,Tie,2
--ox-ooxx,Win,3
x-ox-ooxx,Win,1
xoox-ooxx,Win,1
-xox-ooxx,Win,1
oxox-ooxx,Win,1
o-xx-ooxx,Tie,2
-oxx-ooxx,Tie,2
ooxx-ooxx,Tie,1
x---oooxx,Lose,2
-x--oooxx,Lose,2
xx--oooxx,Win,1
xxo-oooxx,Lose,0
--x-oooxx,Tie,3
x-x-oooxx,Win,1
xox-oooxx,Tie,1
-xx-oooxx,Win,1
oxx-oooxx,Tie,1
xx-ooooxx,Lose,0
x-xooooxx,Lose,0
-xxooooxx,Lose,0
---xoooxx,Tie,3
x--xoooxx,Win,1
xo-xoooxx,Tie,1
-x-xoooxx,Win,1
ox-xoooxx,Tie,1
x-oxoooxx,Lose,0
-xoxoooxx,Lose,0
--xxoooxx,Tie,2
o-xxoooxx,Tie,1
-oxxoooxx,Tie,1
xoxxoooxx,Tie,0
oxxxoooxx,Tie,0
----xooxx,Lose,2
o---xooxx,Win,1
-o--xooxx,Win,1
xo--xooxx,Lose,0
ox--xooxx,Lose,0
--o-xooxx,Win,1
x-o-xooxx,Lose,0
-xo-xooxx,Lose,0
o-x-xooxx,Win,1
-ox-xooxx,Tie,2
oox-xooxx,Tie,1
---oxooxx,Win,1
x--oxooxx,Lose,0
-x-oxooxx,Lose,0
xxooxooxx,Lose,0
--xoxooxx,Win,1
o-xoxooxx,Lose,0
-oxoxooxx,Win,1
xoxoxooxx,Lose,0
o--xxooxx,Tie,2
-o-xxooxx,Tie,2
oo-xxooxx,Tie,1
--oxxooxx,Lose,2
o-oxxooxx,Win,1
-ooxxooxx,Win,1
xooxxooxx,Lose,0
oxoxxooxx,Lose,0
ooxxxooxx,Tie,0
o----xoxx,Win,1
-o---xoxx,Win,3
oo---xoxx,Win,1
--o--xoxx,Win,1
o-o--xoxx,Lose,2
-oo--xoxx,Lose,2
xoo--xoxx,Win,1
oxo--xoxx,Win,1
oox--xoxx,Lose,0
---o-xoxx,Win,1
o--o-xoxx,Lose,0
-o-o-xoxx,Win,1
xo-o-xoxx,Lose,2
--oo-xoxx,Lose,2
x-oo-xoxx,Win,1
xooo-xoxx,Win,1
-xoo-xoxx,Win,1
oxoo-xoxx,Lose,0
-oxo-xoxx,Lose,0
oo-x-xoxx,Win,1
o-ox-xoxx,Win,1
-oox-xoxx,Win,1
ooox-xoxx,Lose,0
----oxoxx,Win,1
o---oxoxx,Win,1
-o--oxoxx,Win,1
xo--oxoxx,Win,1
ox--oxoxx,Win,1
--o-oxoxx,Lose,0
xoo-oxoxx,Lose,0
oxo-oxoxx,Lose,0
o-x-oxoxx,Lose,0
-ox-oxoxx,Lose,0
---ooxoxx,Win,1
x--ooxoxx,Win,1
xo-ooxoxx,Win,1
-x-ooxoxx,Win,1
ox-ooxoxx,Lose,0
x-oooxoxx,Lose,0
-xoooxoxx,Lose,0
--xooxoxx,Lose,0
xoxooxoxx,Lose,0
o--xoxoxx,Win,1
-o-xoxoxx,Win,1
oo-xoxoxx,Win,1
o-oxoxoxx,Lose,0
-ooxoxoxx,Lose,0
ooxxoxoxx,Lose,0
oo--xxoxx,Win,1
o-o-xxoxx,Win,1
-oo-xxoxx,Win,1
ooo-xxoxx,Lose,0
-o-oxxoxx,Win,1
oo-oxxoxx,Lose,0
--ooxxoxx,Win,1
o-ooxxoxx,Lose,0
-oooxxoxx,Win,1
xoooxxoxx,Lose,0
oo----xxx,Lose,0
o-o---xxx,Lose,0
-oo---xxx,Lose,0
o--o--xxx,Lose,0
-o-o--xxx,Lose,0
--oo--xxx,Lose,0
xooo--xxx,Lose,0
oxoo--xxx,Lose,0
ooxo--xxx,Lose,0
o---o-xxx,Lose,0
-o--o-xxx,Lose,0
--o-o-xxx,Lose,0
xoo-o-xxx,Lose,0
oxo-o-xxx,Lose,0
oox-o-xxx,Lose,0
---oo-xxx,Lose,0
xo-oo-xxx,Lose,0
ox-oo-xxx,Lose,0
x-ooo-xxx,Lose,0
-xooo-xxx,Lose,0
o-xoo-xxx,Lose,0
-oxoo-xxx,Lose,0
oo-xo-xxx,Lose,0
o-oxo-xxx,Lose,0
-ooxo-xxx,Lose,0
oo-ox-xxx,Lose,0
o-oox-xxx,Lose,0
-ooox-xxx,Lose,0
o----oxxx,Lose,0
-o---oxxx,Lose,0
--o--oxxx,Lose,0
xoo--oxxx,Lose,0
oxo--oxxx,Lose,0
oox--oxxx,Lose,0
---o-oxxx,Lose,0
xo-o-oxxx,Lose,0
ox-o-oxxx,Lose,0
x-oo-oxxx,Lose,0
-xoo-oxxx,Lose,0
o-xo-oxxx,Lose,0
-oxo-oxxx,Lose,0
oo-x-oxxx,Lose,0
o-ox-oxxx,Lose,0
-oox-oxxx,Lose,0
----ooxxx,Lose,0
xo--ooxxx,Lose,0
ox--ooxxx,Lose,0
x-o-ooxxx,Lose,0
-xo-ooxxx,Lose,0
o-x-ooxxx,Lose,0
-ox-ooxxx,Lose,0
o--xooxxx,Lose,0
-o-xooxxx,Lose,0
--oxooxxx,Lose,0
xooxooxxx,Lose,0
oxoxooxxx,Lose,0
ooxxooxxx,Lose,0
oo--xoxxx,Lose,0
o-o-xoxxx,Lose,0
-oo-xoxxx,Lose,0
o--oxoxxx,Lose,0
-o-oxoxxx,Lose,0
--ooxoxxx,Lose,0
xoooxoxxx,Lose,0
oxooxoxxx,Lose,0
ooxoxoxxx,Lose,0
oo-o-xxxx,Lose,0
o-oo-xxxx,Lose,0
-ooo-xxxx,Lose,0
oo--oxxxx,Lose,0
o-o-oxxxx,Lose,0
-oo-oxxxx,Lose,0
o--ooxxxx,Lose,0
-o-ooxxxx,Lose,0
--oooxxxx,Lose,0
xooooxxxx,Lose,0
oxoooxxxx,Lose,0
ooxooxxxx,Lose,0
